Id,netDisp,efficiency,straightness,Asym,bending,pointSkew,pointKurt,Classification,Track_length,Tracks_1,Tracks_2,Tracks_3,Tracks_4,Tracks_5,Tracks_6,Tracks_7,Tracks_8,Tracks_9,Tracks_10,Tracks_11,Tracks_12,Tracks_13,Tracks_14,Tracks_15,Tracks_16,Tracks_17,Tracks_18,Tracks_19,Tracks_20,Tracks_21,Tracks_22,Tracks_23,Tracks_24,Tracks_25,Tracks_26,Tracks_27,Tracks_28,Tracks_29,Tracks_30,Tracks_31,Tracks_32,Tracks_33,Tracks_34,Tracks_35,Tracks_36,Tracks_37,Tracks_38,Tracks_39,Tracks_40,Tracks_41,Tracks_42,Tracks_43,Tracks_44,Tracks_45,Tracks_46,Tracks_47,Tracks_48,Tracks_49,Tracks_50,Tracks_51,Tracks_52,Tracks_53,Tracks_54
,2.50654617292106,0.0735980762776168,0.647711824061872,0.30590534634837,0.0208974066687849,0.516736237917038,1.44966093114387,"D_DM",20,94.8993836256691,95.1780058437477,95.3668040291408,95.6067455767105,95.695819678017,95.7427042446259,95.7311214556048,95.6801075153325,95.7422111696889,95.7618821128483,95.6880276439386,95.4142571431233,94.8413988409007,93.2864977213406,93.0333782365626,93.184497224846,93.3187060852686,93.2708213026658,93.1706558635327,93.4941879605741,58.9539268439342,58.6207443079882,58.4192135487549,58.3147341554667,58.4949534071429,58.6412004580061,58.7808051573243,59.0447099232707,58.9224992288122,58.8709883794645,58.6917373701562,58.6364791212623,58.7473200169578,58.8114340441942,58.7868280146472,58.6887185623954,58.2487758298933,57.9243805088487,57.2875010420852,56.8783067294181,,,,,,,,,,,,,,
,2.92629843144084,0.361571827181312,0.692423296799453,0.356480642890418,0.179098538131917,0.364600772630378,3.05702197445288,"D_DM",15,139.884652454366,139.663646748188,139.193220557198,138.919122351557,138.637419167672,138.462725893218,138.430426265046,138.446910371194,138.407327635963,138.41491595193,138.285015135318,138.06155930464,137.962586157652,137.626408837105,137.034783895578,158.66530194956,158.186637498553,157.848090922038,157.736580144536,157.900704202942,158.226754250671,158.0639205613,157.840755242967,157.694889246602,157.512463031048,157.509582293045,157.565397317067,157.688694361507,157.902231335067,158.000868576314,,,,,,,,,,,,,,,,,,,,,,,,
,2.0340457328714,0.123792937820996,0.312957730221852,0.183566064967961,0.053793533348349,0.565037126860026,2.96253898394183,"D_DM",12,106.82794633652,105.951291405309,106.495829979433,107.099235845876,106.777397421267,106.70000609089,106.485006834517,106.261565646718,106.365705316867,106.713220687457,107.026947554054,107.523281468039,202.267616906034,202.156267561832,202.21018623873,202.516920500715,202.546046976884,202.81199177836,203.018803905112,203.155398913863,203.528135484619,203.529786928989,203.445237219226,204.179121836262,,,,,,,,,,,,,,,,,,,,,,,,,,,,,,
,1.09533617990293,0.0932566423313574,0.628196473357916,0.577847420480058,0.128695164577959,0.562657353433502,1.9309852311514,"D_DM",10,173.905871833633,173.989473522861,174.491554704105,174.912799395539,175.35528003482,175.544324318174,175.579754431968,175.580145711502,175.400873106985,174.869739000072,212.537645866011,212.979928563133,212.997324638029,212.953766976443,213.198976082746,213.315808250514,213.477676612612,213.557782553234,213.399499207189,213.057954843894,,,,,,,,,,,,,,,,,,,,,,,,,,,,,,,,,,
,1.79545509500625,0.386730568725884,0.730083780939936,0.192943491309106,0.0909293949863202,0.572807735933009,2.31116783735829,"D_DM",9,80.8088793212635,80.8857519735759,81.3645528252585,81.3497980071022,81.2424646848996,81.0341587415493,80.7391033325693,80.5287056412234,80.2017371839808,87.3328639819172,87.0362552839117,86.9423567300124,86.5248980015074,86.4028280686712,86.3327921102321,86.1816161190326,86.0778559848585,85.6431783829611,,,,,,,,,,,,,,,,,,,,,,,,,,,,,,,,,,,,
,1.59327071116116,0.651755555838402,0.858119236348592,0.654786380687902,0.156337438154735,0.252732328035673,1.46937596087207,"D_DM",8,88.7585679536979,88.7396511772241,88.5005087073899,88.2223533776448,87.9262787152967,87.6389425739802,87.5545135947463,87.5232796567551,138.568364941995,138.464565903754,138.198126363478,137.88501672902,137.781737438586,137.553218604436,137.572483898124,137.562097391847,,,,,,,,,,,,,,,,,,,,,,,,,,,,,,,,,,,,,,
,1.60041182867815,0.532181718507239,0.568404530278068,0.608985207725747,0.151905962508423,0.66917271301072,2.11302857433315,"D_DM",7,123.408824091691,123.855542664047,124.238465669691,124.404145692854,124.68912049814,124.956290919198,124.859368551601,110.411436653593,110.5752213519,111.044808719651,111.079292288228,111.146460907829,111.193704255416,111.087630997845,,,,,,,,,,,,,,,,,,,,,,,,,,,,,,,,,,,,,,,,
,1.81724685223527,0.332038753162179,0.80145052401899,0.176986186550345,0.567194824701138,0.589957195782128,1.76345875305228,"D_DM",7,243.552618295554,244.309406817883,244.712194240559,244.790925670703,244.448206180722,244.166263423696,244.09642073823,218.263304062795,218.466113263444,218.978717337063,219.464379490636,219.849871478476,220.011348976774,219.997277829984,,,,,,,,,,,,,,,,,,,,,,,,,,,,,,,,,,,,,,,,
,1.45343721421705,0.271062952466325,0.472852884253069,0.662730357485473,0.17950161005865,0.327637663354524,1.68068418400145,"D_DM",6,127.725404508285,128.258966712818,127.98882082339,127.373813338973,126.672642435498,126.284709238174,187.88602751732,187.570351490555,187.793136885434,187.916747612352,188.036480012096,188.078061041347,,,,,,,,,,,,,,,,,,,,,,,,,,,,,,,,,,,,,,,,,,
,0.177075383530295,0.00118339571003818,0.524238334838149,0.577311146880047,0.632592713986364,0.260507697760673,1.40849839975087,"D_DM",6,206.079993850945,207.007725784453,207.627713204886,208.131791950101,208.055308550481,206.205009951548,148.711717237744,149.217532929657,149.324986622266,149.266945058695,148.990734979708,148.837123242553,,,,,,,,,,,,,,,,,,,,,,,,,,,,,,,,,,,,,,,,,,
,1.49645246460163,0.546276758036055,0.483470954853084,0.66310195936899,0.0782582371302466,0.371634451642548,1.5176602216961,"D_DM",6,217.083862853098,216.940206022485,217.157448888644,217.739893956514,218.25257736237,218.57924134328,217.434632050268,217.290416547716,217.41104497854,217.468939999972,217.409339774561,217.377947397047,,,,,,,,,,,,,,,,,,,,,,,,,,,,,,,,,,,,,,,,,,
,3.40443167809402,0.23037203742153,0.559246463975154,0.127287090135488,0.0767137441578745,0.770285580529183,2.04577301385013,"D_DM",14,187.687295832763,188.01063856311,188.60874029981,188.673376842357,188.568025091969,188.907492043542,188.885713637835,189.460831703733,190.054894801184,190.10587757088,190.576478154917,190.415828498857,190.237050960393,189.909941735605,184.959946346281,184.855915632105,184.836358647476,184.898695909407,185.199836597094,185.331043381405,185.396748380336,185.422192623211,185.400901704981,185.118857078389,184.257909219276,183.476483772132,182.779467598785,182.381186907832,,,,,,,,,,,,,,,,,,,,,,,,,,
,0.359380320690058,0.0023398949146218,0.49688646957149,0.679034065328426,0.0222280754982352,0.0629288321966328,1.74343844490057,"D_DM",10,148.018326848568,147.991238947846,148.019453900418,148.070153254464,148.077785759527,148.011406551957,147.987740532543,147.963674178177,148.179013919247,148.027883417241,221.240426258546,221.716788359188,222.150875322803,222.508709992597,222.656866679116,223.224403395199,223.524626021653,223.033571501002,220.936897093335,221.599679493596,,,,,,,,,,,,,,,,,,,,,,,,,,,,,,,,,,
,0.865291946988679,0.185569162593625,0.532856146172949,0.293840852919819,0.18334984690731,0.310771393043073,2.08002889030462,"D_DM",6,160.107726384475,160.187791157994,160.258686427059,160.420924900832,160.506647925894,160.745928697167,186.274640450446,185.915037534304,185.605314214585,185.362072386566,185.098230820122,185.690322076957,,,,,,,,,,,,,,,,,,,,,,,,,,,,,,,,,,,,,,,,,,
,2.32223258622618,0.298098072842752,0.576769579301497,0.621599298188197,0.298240296612308,0.385126382486389,1.40280702566841,"D_DM",11,143.521768552305,143.603088592513,143.96959429624,144.079961582149,143.788179277348,143.420883559092,143.00776692214,142.624713023948,142.548558124148,142.21087570704,142.211723905264,213.461813351624,213.316969235136,213.357100709792,213.391543769102,213.387059696776,213.252263931927,212.645258385506,211.908471527863,211.759654650788,211.645969057329,211.544380899805,,,,,,,,,,,,,,,,,,,,,,,,,,,,,,,,
,2.39458073385268,0.475152331368737,0.69692008634137,0.554391692584294,0.263037213080547,0.595444369595306,2.08818318734577,"D_DM",8,128.569547409298,128.619984838059,128.655584320459,128.527889254197,128.335139862996,128.197795452328,127.970412450563,127.845685947081,136.377559612321,137.075320704446,137.694369461491,138.197534404494,138.431704518402,138.813994254117,139.08668300077,138.66011113955,,,,,,,,,,,,,,,,,,,,,,,,,,,,,,,,,,,,,,
,6.57177556687474,0.939516183585123,0.992244098459934,0.685540931907476,0.0304059200924195,0.112675990039789,1.58937762723754,"D_DM",6,163.858709027579,164.343602501253,165.226826674498,166.116376253785,167.045337886076,167.485277411352,248.628338121152,249.432536119507,250.482521274652,251.557371089321,253.125624022594,254.10887056419,,,,,,,,,,,,,,,,,,,,,,,,,,,,,,,,,,,,,,,,,,
,2.12031032988945,0.183254527058312,0.597191441141396,0.440352163101684,0.00489583714162976,0.0740520760996352,1.31340853788925,"D_DM",10,121.68460960411,122.098733314623,122.536956459805,122.811418019801,122.83559311056,123.008817933819,122.990098966087,122.95262825018,123.214087053502,123.268273829569,231.808898388883,232.026987467207,231.875511018107,231.834375352004,231.160257913533,230.219013841529,229.856303492549,229.534751664852,229.682006818688,230.399031900155,,,,,,,,,,,,,,,,,,,,,,,,,,,,,,,,,,
,2.08258118594557,0.658692845065711,0.891764712447567,0.482429337138075,0.392425935094279,0.0786563283125333,1.4078199282095,"D_DM",6,107.735709832014,107.340570319762,107.329144918639,107.611052315687,107.836561730175,108.04871951109,167.82245356667,168.198245850213,168.684899471243,169.365886941245,169.696537790565,169.881377882146,,,,,,,,,,,,,,,,,,,,,,,,,,,,,,,,,,,,,,,,,,
,8.76699119279984,0.330075200441205,0.441367097688958,0.46309160443741,0.109307269154454,0.488970260316825,2.24732888121134,"D_DM",19,199.37373847123,199.85905179672,199.998029299509,200.25070331641,200.448759973307,200.373242604241,202.927632818349,202.58480969125,202.653874324678,202.828524203256,202.855962382189,203.212554596406,203.715265806861,204.164208710844,204.728652505672,205.141433870625,205.920673998094,206.659357862085,207.550611170457,108.186919158924,108.036975312875,108.071853996928,108.174367186531,108.528462083326,109.04622458063,108.870145733006,109.109521047813,109.001749675131,108.661699356176,108.765983815691,108.227943018933,107.685338873389,107.527786569718,106.768670816061,106.476538308234,106.308296258367,105.890593983512,105.024817415578,,,,,,,,,,,,,,,,
,2.94392541402096,0.519284245361554,0.725992816185316,0.543521906433188,0.127680012056893,0.656419685658367,2.0708367421881,"D_DM",10,150.339368813049,150.36018957711,150.651389207006,150.816978782571,151.006727952659,151.345589712608,151.450330277886,151.323324481434,151.291610203307,150.752768356537,90.0467739749108,89.5280675979772,88.9112917900785,88.4762718025358,88.0344885866342,87.8937500442262,87.5510146916385,87.3813142135587,87.1127220304939,87.1320188118204,,,,,,,,,,,,,,,,,,,,,,,,,,,,,,,,,,
,1.98998131767904,0.796416842409237,0.918913231459861,0.506791229151017,0.220588606834882,0.108123898749182,1.6385684076382,"D_DM",6,152.057503268009,152.218363377681,152.269785205359,152.591911139122,153.10042493038,153.493364130794,102.332513861268,101.941455366358,101.600953636436,101.225446527789,101.053568776118,100.954715172259,,,,,,,,,,,,,,,,,,,,,,,,,,,,,,,,,,,,,,,,,,
,1.42475414412286,0.181255553506939,0.521458744918247,0.0852496144484468,0.0517195651067763,0.415321789568071,1.83486940831835,"D_DM",9,107.796459760201,107.23903319257,107.133396192981,107.03669154594,106.728461341462,106.488618096729,106.339838639179,106.420440015737,106.471841925484,145.130658136906,144.385033792112,144.207112281629,144.314246330843,144.659903579571,144.929354955103,144.99510116703,144.883151646299,144.605956351943,,,,,,,,,,,,,,,,,,,,,,,,,,,,,,,,,,,,
,1.31272007717448,0.595252042084786,0.296886281557791,0.625836113767686,0.204788241813988,0.0766566122927634,1.49026393861407,"D_DM",7,211.6886897964,211.647588459584,211.906630616797,211.916675996407,212.158845868561,212.46037591331,212.443230397591,225.254676517403,225.495758984364,225.61235587283,225.80298376215,226.145496687307,226.341005578742,226.328875047551,,,,,,,,,,,,,,,,,,,,,,,,,,,,,,,,,,,,,,,,
,1.29517115372083,0.0921401616465718,0.224135623769068,0.149652005063472,0.137463416047172,0.566718997557211,1.80812557396475,"D_DM",9,121.7891016725,121.490520735058,121.316741146738,121.244281617499,121.016484613988,120.789477318656,121.393693022676,120.99434416409,120.6758615669,108.218967008255,107.903296830205,107.636671525864,107.668051366328,108.036580620314,107.961082738466,108.88678569081,109.238467440462,108.880907175274,,,,,,,,,,,,,,,,,,,,,,,,,,,,,,,,,,,,
,3.94862446337248,0.803844901769762,0.980121937355137,0.616591081053981,0.173213863170488,0.340799026478585,1.72008915156837,"D_DM",7,110.549377479413,110.046231358094,108.977316580581,108.327124682186,107.713182659181,107.327513073963,106.71723341232,190.092471826793,189.804521887649,189.23999494365,189.023684948852,188.896056779564,188.914400007598,189.140470250225,,,,,,,,,,,,,,,,,,,,,,,,,,,,,,,,,,,,,,,,
,1.42957769364806,0.374290376537218,0.163043714343252,0.615526361419726,0.104096477326796,0.573827991423136,1.80043740716649,"D_DM",6,107.546333926852,107.437950723473,107.551951823702,107.75773398611,107.835373813088,107.792294817595,208.370338197312,208.77838520173,209.559277253525,209.603514215292,210.02533422049,209.778597982437,,,,,,,,,,,,,,,,,,,,,,,,,,,,,,,,,,,,,,,,,,
,0.775446022077757,0.208556295761862,0.772171280165313,0.188337379880661,0.272512191535982,0.26028065736921,1.56613049073769,"D_DM",8,137.019716616646,137.031296665957,136.884802691381,136.71214257028,136.56927370379,136.51032101739,136.326336258816,136.250938567742,111.473944422196,111.173289215843,110.946777275598,110.971625670004,111.329657563109,111.391717793351,111.537570016831,111.575417791508,,,,,,,,,,,,,,,,,,,,,,,,,,,,,,,,,,,,,,
,2.87894589116759,0.0920717676152726,0.622207297223612,0.0509319327905285,0.264208071691602,1.10559620869087,4.35824278948083,"D_DM",25,96.8302676268759,97.4394084027555,97.8309690108432,98.5055717518607,98.928639358505,99.0622600030257,99.1278563493357,98.8799634574916,98.5237628620037,98.7327658053085,98.8260592235468,99.1180064951183,99.4198877885524,99.7569745927269,99.872808018613,99.8348847625284,99.7869632801866,99.6632462223794,99.2921369000307,99.039506622464,98.8651135900001,98.798989365612,98.9692223901274,99.4016044612553,99.6106112719085,46.0863916209127,45.563264255241,45.6190009786275,45.7980019799184,45.8560825880456,45.9791035402743,46.0458791623559,45.8285301660886,45.7537731836208,46.0532694097695,46.2077773371618,46.1579781650143,45.9445465681576,45.5196731017567,45.3844983169545,45.3252262399528,45.3629694126116,45.367140692681,45.7162759167692,46.1374160845346,46.5472068997309,46.8586520974723,47.2035362923797,47.0875562164541,46.8333980866125,,,,
,2.8979455489006,0.801261934022175,0.866559580582018,0.654524526148159,0.0185168857685677,0.307434897116433,2.20272883201455,"D_DM",8,181.568798389278,181.959515885611,182.353177691819,182.704045018023,182.744982390416,182.883502580388,183.490953148428,183.992190924427,197.402066652819,197.57393760609,197.711276361692,197.83133734032,198.095810262849,198.286066513691,198.575717937863,198.991172384034,,,,,,,,,,,,,,,,,,,,,,,,,,,,,,,,,,,,,,
,1.7156498388368,0.25012170371404,0.388932055674945,0.519425754311912,0.14633224842008,0.256498275568462,1.51707802694561,"D_DM",7,216.177146545057,216.567788384229,216.597065152769,215.926653526918,215.146603094751,214.688818122991,214.484654470033,158.965734939447,159.460903278165,159.442528308227,159.348677365117,159.281376401883,159.159000572134,158.684799100721,,,,,,,,,,,,,,,,,,,,,,,,,,,,,,,,,,,,,,,,
,0.876355495386883,0.0207158123045892,0.792895890523234,0.262072870684369,0.209494717168965,0.68267209481691,2.92961212893,"D_DM",16,140.988158118542,141.878936960252,142.291463918896,142.518210243711,142.661970541845,142.834221495703,143.352519716059,143.181012105014,142.977364447281,142.859582196149,142.653073599278,142.511812594051,142.340331606799,142.215675883181,141.887186564968,141.432708317901,197.859095480972,197.942002705289,197.753315105719,197.550780438947,197.375500371624,197.232590555813,197.456079916585,197.797766471577,198.037675601097,198.04927051787,197.893844571666,197.79173184368,197.650997606546,197.666315528901,197.556694223566,197.103864341159,,,,,,,,,,,,,,,,,,,,,,
,6.37061360575952,0.898147971674046,0.968303057778189,0.615047556008947,0.0876773930955023,0.0335421877036829,1.70464847381569,"D_DM",9,103.692920300059,102.865535918793,102.233006076716,101.744328464625,101.226878108512,100.913894492163,100.605291733512,100.467602734904,100.041103080879,122.796943862626,122.470350190409,121.896324853006,121.455067800705,120.687734418063,119.824093670418,119.010511378982,118.23040096893,117.576891304309,,,,,,,,,,,,,,,,,,,,,,,,,,,,,,,,,,,,
,1.61681850172516,0.0316519940626928,0.616501325224945,0.260954079273396,0.33656568218657,0.181366100676946,1.81554927466712,"D_DM",12,219.231950564431,220.035008764216,220.369101438281,220.982058599037,221.763017797253,221.412780862699,220.269562297814,219.940940033764,219.446673533371,218.782923226631,217.798810106077,217.897598471367,200.464215608807,199.755443428089,199.440384066329,199.614625204517,200.105762086277,200.577734845158,201.320079366489,201.791101176497,201.763974099562,201.698572659713,202.103458260283,201.377236177718,,,,,,,,,,,,,,,,,,,,,,,,,,,,,,
,3.22356674970432,0.640708361213435,0.884139164617357,0.446543069999713,0.261547998633259,0.00693873308357564,1.48593326114419,"D_DM",7,204.124194759823,204.758157112404,205.090020105882,205.813014269455,206.59095422247,206.599824966885,206.615240534808,268.772926166622,268.807882857023,268.94001800875,269.120060851148,269.588578115544,270.33670879022,270.818915789452,,,,,,,,,,,,,,,,,,,,,,,,,,,,,,,,,,,,,,,,
,0.978007085571548,0.0810676542965781,0.231785052153155,0.435996801530012,0.0276847209277411,0.471472443994695,1.82663640626078,"D_DM",13,154.596532427835,155.018048582738,155.354941935485,155.318114825433,155.319128205419,155.108407342708,154.730643762635,154.789022036869,154.894910952909,155.04530975854,155.382452604075,155.489116738903,155.550274864139,203.297197759046,202.962258756443,202.801404575528,202.79662983613,202.792950820127,202.992738767441,203.19251178954,203.246250710645,203.093268495958,202.906118335965,202.852622960698,202.845287640984,203.080695508197,,,,,,,,,,,,,,,,,,,,,,,,,,,,
,1.97759083514412,0.415776910343771,0.488518802694203,0.445766440196404,0.322396077709264,0.288976578030994,1.51457865585502,"D_DM",8,157.667690777922,157.190010687477,157.036667333951,157.192250017617,157.348159449965,156.865972938354,156.94362347734,157.244582176532,96.2795602989332,96.4568227741613,96.7244879566092,97.2511727322801,97.7618469499909,97.8494208679457,98.029503975952,98.2113585861971,,,,,,,,,,,,,,,,,,,,,,,,,,,,,,,,,,,,,,
,1.45848258002748,0.364221262955861,0.397246711164122,0.585405372444868,0.171958808685842,0.022094444336311,1.311636735472,"D_DM",7,143.205812550951,143.351482635281,143.496928637585,143.726875481056,143.888515987008,143.736596223419,143.842817344474,72.1471303085154,72.4788531305276,72.2075477818087,71.6791826776102,71.1192244623792,70.9557439503793,70.8351103661087,,,,,,,,,,,,,,,,,,,,,,,,,,,,,,,,,,,,,,,,
,1.0222539613364,0.00562837404117673,0.400318016164569,0.463347661380545,0.0415732714823802,0.0838732617064513,2.08394511424644,"D_DM",14,226.193026920517,226.740598792206,227.208936799365,227.805972448777,228.166540386132,228.445502157673,228.781888034248,228.281159136922,225.049639053089,226.172402606878,226.265664520848,226.80226431592,226.858746681208,226.709480789234,200.29372646869,200.639328026445,200.936269419944,201.286123342489,201.427096881814,201.581928656617,201.814091266283,201.754011117928,201.183203313767,201.251043903458,201.130156502015,201.12607413204,201.025220710144,201.1759274452,,,,,,,,,,,,,,,,,,,,,,,,,,
,3.51795153131701,0.752240114981318,0.980646049334004,0.646985337860461,0.155091384498943,0.365979199319257,1.5632619150747,"D_DM",6,125.182534583013,124.803307563579,124.432084629794,124.029217075123,123.514008233672,123.313132738288,100.505345944546,100.74193763851,101.043316107427,101.661676627927,102.990949529374,103.485500255926,,,,,,,,,,,,,,,,,,,,,,,,,,,,,,,,,,,,,,,,,,
,2.0004166858829,0.384648159935407,0.643034121537777,0.278692620932417,0.142891732998605,0.365386884529881,1.95372510101774,"D_DM",14,128.753549326659,128.873868640765,128.993491520577,129.141748524466,129.496493709772,129.539789058366,129.880791411763,129.772215757034,129.733903968696,129.947713922325,129.970667898394,130.092676065034,130.336447333244,130.513913080182,190.237934334105,190.344470879103,190.306607745006,190.247520966497,190.113231045201,189.98527483884,189.958738860808,190.176832165297,190.530846096516,190.700255000877,190.851945728535,190.958571401722,191.188441099168,191.188085044487,,,,,,,,,,,,,,,,,,,,,,,,,,
,1.0565371333174,0.530153157516971,0.533934718177389,0.657711647879556,0.307104787754609,0.242064461544448,1.44931482343642,"D_DM",7,187.525880587923,187.532709153596,187.657560296773,187.866573961768,188.137463615024,188.430694191997,188.415425565751,151.749620012597,151.888297055769,151.770844377991,151.57506300845,151.463421556263,151.258655724416,151.179549449862,,,,,,,,,,,,,,,,,,,,,,,,,,,,,,,,,,,,,,,,
,1.49119728195728,0.498223156513505,0.515436402235586,0.573477581623202,0.0891597480934896,0.671251851702652,1.92326049019692,"D_DM",6,78.7215182754521,78.411826610214,78.1383184817341,77.8346302887334,77.7877515512387,77.6291633030809,74.9949246380215,74.5888975357204,74.0938687468623,73.825101573438,73.6698329478424,73.9798236834103,,,,,,,,,,,,,,,,,,,,,,,,,,,,,,,,,,,,,,,,,,
,1.23146950891918,0.281257258214373,0.290615012125176,0.274755539522773,0.0857106817070228,0.773456744803041,2.31957591052408,"D_DM",6,161.091511526042,161.11946895963,161.054910213301,161.322335456992,161.753402960677,161.204173512144,114.149680608648,113.594017712425,113.173592184579,113.101086385076,112.949461831484,112.923375414871,,,,,,,,,,,,,,,,,,,,,,,,,,,,,,,,,,,,,,,,,,
,7.78048770337594,0.195145903484703,0.447230052391143,0.652900972747584,0.259793569906902,1.11151009874754,2.83232849596364,"D_DM",12,238.320158220041,238.610027143792,238.722266261745,238.898648293765,239.094210718392,239.173059766076,239.298446746287,239.779609165623,240.622074900476,239.863989971395,243.138497901798,242.465217470867,243.955716146446,244.302953243297,244.32408962746,244.310009741346,244.181665784287,243.663851002494,243.140402002188,242.244469223936,240.983912567337,240.958703750169,237.459960136469,237.371304805292,,,,,,,,,,,,,,,,,,,,,,,,,,,,,,
,1.98503155336618,0.210051582129381,0.805250020957085,0.0679978529748924,0.423759580188569,0.775163892513656,2.16557898589925,"D_DM",9,79.7222497765336,79.732907274035,80.1669767400406,80.6504613369977,81.1075220978032,81.165935752558,81.3153991661699,80.9590139696515,80.7981004489257,247.089965112504,247.240261899371,247.689611454919,247.801897970923,247.624929467725,247.2729411297,246.66250270942,246.028976955939,245.421763806135,,,,,,,,,,,,,,,,,,,,,,,,,,,,,,,,,,,,
,3.49684200424281,0.784642138712694,0.949656144859963,0.608012989969853,0.244865987659147,0.0976044933886146,1.63956575628773,"D_DM",7,164.43995108127,164.586493467824,165.40624341533,165.911204349538,166.410835694565,167.111201925626,167.608135827381,226.560840675898,226.261481873808,225.600002322374,225.399107377915,225.120381249088,225.011701883977,225.080803711108,,,,,,,,,,,,,,,,,,,,,,,,,,,,,,,,,,,,,,,,
,0.864505688964625,0.417751481145651,0.114989118019773,0.506539248949477,0.113345087232884,0.581565794860308,2.53692034147281,"D_DM",7,146.087047312885,146.076801296764,145.937205836914,145.76855734213,145.776159013434,145.74296307851,145.641720464686,180.887355599039,180.802558129886,180.751292610573,180.56435742694,180.650701571344,180.570781111632,180.14637376085,,,,,,,,,,,,,,,,,,,,,,,,,,,,,,,,,,,,,,,,
,0.259309218564204,0.0189621777143811,-0.258227728114623,0.00319026341330886,0.473997710323598,0.350141030806552,1.57285731338095,"D_DM",6,179.957555205427,180.097695175393,180.408539146704,180.501524997801,180.161955927474,180.150106023333,63.5139243897554,63.7826676978563,63.4741087416824,63.6449822284825,63.8286145001762,63.3402423430258,,,,,,,,,,,,,,,,,,,,,,,,,,,,,,,,,,,,,,,,,,
,3.14001835549306,0.833953218868508,0.948429703696264,0.661513336420179,0.043071068092192,0.0520772876762905,1.48984999629469,"D_DM",6,227.280167884592,227.721601925442,227.827690275109,228.001154121601,228.178109205139,228.452529234162,233.959460805054,233.510622147895,232.990090594814,231.902461291244,231.46850490674,231.046509700269,,,,,,,,,,,,,,,,,,,,,,,,,,,,,,,,,,,,,,,,,,
,2.71149968850367,0.907202339077697,0.968550250643425,0.677743757615341,0.00339002939374438,0.34642485298569,1.90457969581251,"D_DM",6,101.521419002052,101.278801140891,100.980844884468,100.644725333188,100.500423954618,100.332978982056,256.589912889367,257.29808222814,257.918787780651,258.255366250237,258.558963818626,259.0270917666,,,,,,,,,,,,,,,,,,,,,,,,,,,,,,,,,,,,,,,,,,
,2.34435040657909,0.735307544156705,0.754133230522959,0.662343384482293,0.0350204417873123,0.635143122168021,1.99778971518701,"D_DM",6,54.4735306309816,53.7084035274973,53.007770731273,52.551346643017,52.4142912574604,52.1433037486758,155.260301776977,155.204322999646,155.478807618383,155.3365824045,155.465698508768,155.517248280762,,,,,,,,,,,,,,,,,,,,,,,,,,,,,,,,,,,,,,,,,,
,1.2364710202521,0.326073802619453,0.433024310385052,0.648559049334292,0.444755718809497,0.899252598906076,2.32208097135385,"D_DM",6,130.907741447411,130.7845326999,130.599077857413,130.879218170696,131.533130411374,132.113555465471,222.653705781802,222.737767371246,222.636392273557,222.532447310194,222.50839497228,222.380076218755,,,,,,,,,,,,,,,,,,,,,,,,,,,,,,,,,,,,,,,,,,
,4.17164182045333,0.784974201209337,0.937612014067391,0.556837496148956,0.296915822152103,0.0865650458269653,1.53600172896011,"D_DM",7,146.360412550705,146.398162897631,146.622174479725,147.020825857887,147.537330389468,148.129851436714,148.758877087669,249.4494345454,250.212455459138,250.849208370623,251.689325729938,252.478559419973,252.871570189981,252.862638808711,,,,,,,,,,,,,,,,,,,,,,,,,,,,,,,,,,,,,,,,
,2.08071927152836,0.138000911521269,0.563536767076179,0.491475859102115,0.312570462135313,0.22914680960934,1.61601558130109,"D_DM",7,206.234731274335,205.75003510793,204.981048465514,203.243912969105,203.219677329984,204.104989380599,204.362693265149,231.863230233117,231.864377261476,232.004229282114,231.493773902212,231.029762273598,231.126154880336,230.955008685765,,,,,,,,,,,,,,,,,,,,,,,,,,,,,,,,,,,,,,,,
,5.39822687319053,0.415820729299601,0.849978964407228,0.26502692174435,0.00545833191977677,0.757478360440936,2.42819874491939,"D_DM",17,105.545370715555,105.000888119712,104.920574589537,104.671479249684,104.739580113127,104.868289843685,104.89756526183,105.002038074024,105.097178863224,104.943180186612,104.810945301798,104.241329089248,103.764153561418,103.418619010655,103.048567849033,102.706006429937,102.386133792124,245.540553295513,245.991259631699,246.661207432837,247.515840221834,248.069996150197,248.474482902163,248.853576639739,249.096394495946,249.419760775344,249.85161376064,250.187404113545,250.336208170616,250.459500742417,249.838062922264,249.754409310809,249.824902198012,249.917775638057,,,,,,,,,,,,,,,,,,,,
,2.78839580369317,0.12681737372652,0.649575817710422,0.301977155297928,0.30438214724272,0.611474233714795,1.67994820239233,"D_DM",20,91.4497057591647,91.2422745924699,91.3022900253576,91.3576533704363,91.4007116030009,91.4807236139083,91.6787856451567,91.4624732104073,91.2896123195441,91.0433405268724,90.724314949016,90.7235705088805,90.3629468916316,89.7399592475106,89.3019711245239,88.5750766854413,88.5070104893983,88.4777621842802,88.5306902222985,88.8702241711632,59.8562503284002,59.2772498998778,59.1415817304669,59.0440279777841,58.7146106572683,58.6068655212326,58.6604059641523,59.0739326326691,59.5500228370529,59.5780204935125,60.0135565964821,60.1155870543536,60.1625027922283,59.8033597430791,59.5091141488357,59.079932872683,59.1038800366579,59.062670450994,58.9771483082792,58.7972763460875,,,,,,,,,,,,,,
,4.18075128947937,0.22530543759879,0.415575846264882,0.640737185513442,0.351905161297277,0.0336766329887923,1.93209929775318,"D_DM",19,124.511091132036,124.000082137413,123.636277038052,123.569156940582,123.634553102404,124.429294056515,125.335610256185,125.797218552677,126.116670744197,126.134676743658,126.058525853717,126.095836369503,126.049922116505,126.452604157126,126.875768810321,127.447116215117,127.974209430748,128.305586132449,128.404799851504,178.39825528577,178.318564364737,178.425878668202,178.467341257377,178.641553267257,178.992905413037,179.166544480725,179.372302037518,179.560236440396,179.435680632281,179.557130597834,179.251119932496,179.211775977855,179.674250313554,179.784600502684,180.248859066187,180.486234328957,180.212501899566,179.92065922442,,,,,,,,,,,,,,,,
,3.02431159890934,0.739847805662058,0.986022272731637,0.668973749972418,0.0913736738409174,0.57280638145688,1.91516630479856,"D_DM",7,77.3921087652057,76.650429786021,76.0824367119582,75.3281110640619,74.8542591522004,74.8305735787972,74.5241266204433,219.1263555626,219.570040412017,219.784195107826,220.017028747441,220.063803643301,220.061669700539,220.086115462065,,,,,,,,,,,,,,,,,,,,,,,,,,,,,,,,,,,,,,,,
,3.33402563466053,0.884491472126127,0.965479997592482,0.677734697836992,0.114170895260788,0.267624551718515,1.93817564364175,"D_DM",6,117.974446170753,118.564496911343,118.84336007497,119.249010192145,119.640757516386,120.069836713229,210.852814698265,211.752519570469,212.187614559569,212.61603508066,213.202244171146,213.446087805185,,,,,,,,,,,,,,,,,,,,,,,,,,,,,,,,,,,,,,,,,,
,1.5916850260066,0.0976579125250589,0.507217022514774,0.648572690739703,0.282899760494521,0.0422829541372801,1.37738828137283,"D_DM",11,145.878931294188,145.893514542438,145.906010590684,145.859175159971,146.049862783409,146.425858016873,146.928383603448,146.805742963376,146.62455834299,146.310222788992,146.407315437454,212.10126838079,212.303438149647,212.113275533374,211.889790283041,211.423032708836,210.590935182653,209.870036851687,209.782184770048,209.70363733669,210.279967183914,210.599845249505,,,,,,,,,,,,,,,,,,,,,,,,,,,,,,,,
,3.08395574991832,0.722768857044031,0.873666197204101,0.657679389548499,0.0441159389235987,0.0109952635543593,2.25836452757594,"D_DM",8,96.1931643418259,95.3557677383242,95.1855552844711,94.8377686346138,94.5302574346385,94.3081793556626,93.6327582732714,93.2183490637647,196.67505714918,196.34016145609,196.321013608036,196.158785540269,196.31025825373,196.263875351958,196.140737883997,195.861879967461,,,,,,,,,,,,,,,,,,,,,,,,,,,,,,,,,,,,,,
,6.33108295513712,0.284953482160383,0.567050803106974,0.583685619861922,0.135591930608174,0.916275798999945,2.22251640630166,"D_DM",16,143.466755488431,143.476040894445,143.600289877835,144.183314462074,145.229389319314,146.174609126147,146.722182456976,146.880493236219,146.847125238742,146.91156584176,146.989080060854,146.830084028293,146.593673790648,146.374334569889,146.26359685999,146.480870120549,56.5411926678559,56.3936164102598,56.0217926718961,55.0775395458675,53.3267746221046,52.5199465501283,52.038804817594,51.9568310518605,52.3158928370165,52.1441858253076,51.469649163476,50.9561080530126,50.3276846242155,50.4220071222328,50.8854354898392,50.9736326664474,,,,,,,,,,,,,,,,,,,,,,
,4.34486246499516,0.39513338249369,0.422592056638816,0.678217317154496,0.0795469986103478,1.3152876368143,3.48390176493796,"D_DM",9,204.329123879438,205.894628839779,206.534732784983,207.212001544525,207.621354002491,207.708455740119,207.584607188835,207.655175670934,207.651630113147,109.917307863686,108.712328947876,108.092659447619,107.530766499044,107.095150504643,106.872338019372,106.846012562754,106.86215751742,107.117525342366,,,,,,,,,,,,,,,,,,,,,,,,,,,,,,,,,,,,
,4.46702799410536,0.741253266901418,0.969951402813407,0.682128362497745,0.0924565886038181,0.716323794127317,2.19771134434331,"D_DM",7,169.342426338173,169.254447349308,169.287752771054,169.490026401038,169.780088621364,170.093632553455,170.431219120919,117.537045923147,117.126198580732,116.872914346604,116.239800580505,115.767275085984,114.492859562073,113.204740604225,,,,,,,,,,,,,,,,,,,,,,,,,,,,,,,,,,,,,,,,
,2.75206087700139,0.358057394036999,0.351162295065564,0.518122966884063,0.0861358992070403,0.0807265411588982,2.3564092722927,"D_DM",10,95.1323981389843,95.1075356185877,94.7601177555833,93.9810040456615,93.634984253774,93.490680324601,93.7018174781093,93.8035463188889,93.2240710731673,92.5280355620598,203.854242887744,203.686595023815,203.75832265474,203.895671072004,203.841563887603,203.861405990404,203.811651203317,203.808911337755,204.040319873263,204.743700384557,,,,,,,,,,,,,,,,,,,,,,,,,,,,,,,,,,
,2.11263820287287,0.672690064024523,0.890806302389159,0.594038989156398,0.331347620116783,0.0467697609780345,1.36784750518027,"D_DM",6,138.138362441518,138.029443165083,137.425693009753,136.801440070315,136.452089685064,136.501354085281,161.353141206223,161.384031600412,161.644012221405,161.953116975882,162.351555825519,162.68859761429,,,,,,,,,,,,,,,,,,,,,,,,,,,,,,,,,,,,,,,,,,
,0.450688675448753,0.0801998572203078,0.61728419359441,0.386771141216397,0.472856306268164,0.658747345412977,2.27833414344957,"D_DM",7,156.941520448571,157.266044895377,157.338955789774,157.424931315485,157.163426191537,156.934062555563,156.561559144997,157.389759865139,157.311328837362,157.349262520615,157.483503994838,157.54126390539,157.661738639863,157.632143218455,,,,,,,,,,,,,,,,,,,,,,,,,,,,,,,,,,,,,,,,
,2.03801532015501,0.543607243306818,0.512215214312943,0.604697642370313,0.18235463902762,0.267505171096711,1.80606620661727,"D_DM",6,162.715080073548,163.131933410505,163.746822828045,163.860603565282,163.966297227755,164.318436968364,133.848533953555,133.896802573077,133.202030829532,133.112653170577,133.166820088831,132.590458791637,,,,,,,,,,,,,,,,,,,,,,,,,,,,,,,,,,,,,,,,,,
,3.15685462899012,0.612267826747869,0.918865161499197,0.518596706639245,0.296321248486292,0.803466833885875,2.34816867430533,"D_DM",7,205.57230235782,205.455387152833,205.532181892345,205.856444697454,206.311510561938,207.055274601399,208.159611448167,129.690804776457,130.152081982183,130.382711064835,130.749567648698,130.883668480308,131.197101369472,131.499550977444,,,,,,,,,,,,,,,,,,,,,,,,,,,,,,,,,,,,,,,,
,1.38559648266377,0.116114430475971,0.424060827842856,0.272847299344204,0.361774311664035,1.86732581030839,5.19530135535575,"D_DM",8,148.434075034944,149.760018695811,150.020927135102,149.843379564189,149.684277894603,149.472721053721,149.32148889961,149.481552256379,232.643344570827,233.148568811198,233.339051458235,233.629081615596,233.627467102032,233.606770141058,233.642172033099,233.550355642063,,,,,,,,,,,,,,,,,,,,,,,,,,,,,,,,,,,,,,
,0.56975823160377,0.154752152237862,0.197952828337227,0.542450959272916,0.166749799872512,0.645326261389215,2.0567324608472,"D_DM",6,245.706659738741,245.546940693912,245.220184424955,245.005237468961,245.057766621167,245.242766154101,149.461402707139,149.767119577353,149.979994259685,149.97309296128,150.038992238859,149.792200507329,,,,,,,,,,,,,,,,,,,,,,,,,,,,,,,,,,,,,,,,,,
,3.39760135351518,0.494540710669252,0.587339527226473,0.605033694178592,0.0495458071997078,0.0849442931042552,1.37838144353629,"D_DM",7,131.01769509972,130.53919098371,130.454496857409,130.606057945939,130.897693614977,130.976411968764,130.524552065947,155.328426313048,155.024048529768,154.550747230643,153.699844605727,152.517784477941,151.631520450255,151.966803950907,,,,,,,,,,,,,,,,,,,,,,,,,,,,,,,,,,,,,,,,
,0.320527446411715,0.0184544612372164,0.425463499561087,0.49901465387236,0.178726517881456,0.0248877107103394,1.82942962472048,"D_DM",6,167.539820955346,167.054863266639,167.144552878307,167.174735601705,167.222406605002,167.609799436864,288.691523508548,288.008842390454,288.227466909645,288.450685931886,288.728855235288,289.004318738734,,,,,,,,,,,,,,,,,,,,,,,,,,,,,,,,,,,,,,,,,,
,1.45365120370884,0.0366218458469839,0.881521912778804,0.263091563531096,0.342050506780276,0.30843958486849,1.98489331982451,"D_DM",12,187.732622157853,188.437905345536,189.38094368094,190.112157409394,190.901808288574,190.898013084523,190.769893433412,190.462978330682,189.596102383898,189.058717028373,188.74884189378,188.496853517503,72.5019608817052,72.2486012046685,72.0580037629524,71.617365610497,71.0269459566605,70.5985223987298,70.2334298265096,70.0579122200365,70.2590596334787,70.7016383384935,70.9390406668225,71.2654123582047,,,,,,,,,,,,,,,,,,,,,,,,,,,,,,
,0.756015572833607,0.181396524510455,0.415192779701265,0.0733747936970257,0.412241404527348,0.143720863578164,1.40912605787553,"D_DM",8,152.351431560022,152.509834586234,152.550619038305,152.762843500513,152.69353732472,152.475763114877,152.283170375437,152.000631322782,201.771110192429,201.735537545518,201.470264687297,201.470928830536,201.155242423047,201.058894633838,200.962459907928,201.101409707197,,,,,,,,,,,,,,,,,,,,,,,,,,,,,,,,,,,,,,
,4.90941178090128,0.337034765796512,0.750086362754848,0.686707557355005,0.073195996892299,0.305467501504595,1.20193098472697,"D_DM",7,67.7277317714872,67.3996153387679,67.3787362218783,67.4239571399698,64.8289224989788,64.4942580706853,64.1596170863696,163.354722481836,162.956169579463,162.813171014916,162.732738611121,160.627286463014,160.414537224909,159.982648694343,,,,,,,,,,,,,,,,,,,,,,,,,,,,,,,,,,,,,,,,
,2.40134980160646,0.318551294351437,0.655230485384457,0.538480456092382,0.00256341838097957,0.287390337840468,1.79005963389144,"D_DM",14,137.142005703462,136.984039917206,137.01192909775,136.942745878706,136.889583235393,136.850074272891,136.726918084905,136.65738303942,136.657318630966,136.691054310718,136.717884182646,136.523256530557,136.229773554614,135.979499877937,219.618536221192,219.983586538185,220.217774063328,220.511914856733,220.641073188906,220.878734652646,221.131509705517,221.354779867766,221.615029869658,222.099135599426,222.209129705722,222.046191668728,222.266051268031,221.719740893587,,,,,,,,,,,,,,,,,,,,,,,,,,
,5.20335511969936,0.256687514421027,0.671849495996459,0.644536128070064,0.288012041730037,0.848237072189118,2.01085249242123,"D_DM",13,129.074549357627,129.137738541942,129.208161258925,129.368697303985,129.532161839982,129.661342801331,129.669175010168,129.452136853514,128.008803361166,126.100651562906,125.145546037581,124.864420408913,123.993281097777,231.46980462547,231.811705392546,231.960021197357,232.01913080344,232.166388797811,231.952993997799,231.673245060223,231.636992226496,232.478975897023,232.609774392049,232.269484158322,232.491725239123,232.590347963828,,,,,,,,,,,,,,,,,,,,,,,,,,,,
,2.22612132082477,0.813843039512883,0.941995162515657,0.580910928166495,0.0842703753908513,0.0619179433407726,2.10444514823783,"D_DM",7,136.460096537494,136.988578235955,137.231566929133,137.577762181749,137.871644678309,138.108848315014,138.674797126831,78.7766278431349,78.7373681791393,78.6203381012793,78.5681731556734,78.6232252835636,78.789293894412,79.0018331597255,,,,,,,,,,,,,,,,,,,,,,,,,,,,,,,,,,,,,,,,
,1.64497260426373,0.0192223384408575,0.85980178882448,0.456857830156799,0.1655556660471,0.83078937505338,2.94504175314571,"D_DM",16,98.9752217704902,98.3042276139023,98.0892433695111,97.8321738778804,97.5269423626059,97.1225550069093,97.0241479127703,97.0730914222519,97.5561142664037,98.004914348141,98.2512552027505,98.2665495271733,98.1606724951661,97.8621903402618,97.9222639136691,98.7531774178724,138.711136536636,137.131827537456,136.204138591591,135.648460096565,135.220559876763,134.789993011643,134.300548091712,133.9511148745,133.531421831951,133.328617416391,133.784941656189,134.129444998743,134.716904442452,135.312258834545,136.021668584692,137.081219000608,,,,,,,,,,,,,,,,,,,,,,
,1.68283669217813,0.0561314072033264,0.28808948216467,0.191369361507574,0.142891501201184,0.566904628356163,2.17919489569173,"D_DM",27,123.829244057745,123.953812079574,124.152308220109,124.144983823754,123.802668350095,123.95189907783,123.936631135534,124.166688981455,124.067820191822,124.114285669277,123.829554010834,123.552507360666,123.677785882712,123.944081088864,124.084159263025,124.179258307791,124.349524089602,124.304531072759,124.547027033716,124.940615180132,124.950182343343,124.941443536895,125.403923472868,125.357606604337,125.345292079315,125.526025629534,125.489191404095,40.6847284829765,40.867378274616,41.0163544400844,41.1737709849595,41.2937014006301,41.5033198847292,41.7326930106882,42.0155886055333,42.1673009961424,42.0883428347929,42.2144623465005,42.3734410190354,42.2021145678603,42.1346611371151,41.9842599908462,42.0107892133688,42.1308775973006,42.0653778955206,41.8997155547151,41.7461351954374,41.5000468191795,41.0142212327701,40.7918314708553,40.6636316524588,40.6152995953735,40.8866878103758,40.9613403769485
,2.24195113016829,0.702788293735162,0.893665856462046,0.455757382418792,0.208352738755709,0.333983632411992,1.70826308476528,"D_DM",6,180.038634024874,179.947399542351,180.0445018738,179.772241811136,179.421854310534,179.045091395447,174.916772311492,175.400223525475,176.208162752104,176.548560725336,176.737968348993,176.926552875029,,,,,,,,,,,,,,,,,,,,,,,,,,,,,,,,,,,,,,,,,,
,2.6513004803612,0.0416952126765129,0.738171277190124,0.0262944749272002,0.0566339482916469,0.270770752282223,2.16643952824924,"D_DM",25,166.769202208235,167.132117266205,167.325864284282,167.537653345474,167.687134697809,167.73594480814,167.780263131456,167.979222252908,168.391382188666,168.871007802712,169.45237468262,169.779824935672,169.894646539808,169.427613214256,168.331065392202,167.368328751693,167.001034297983,167.063751290514,168.033835154625,168.039550747058,168.136943161005,168.413844118722,168.670017235197,169.037756544822,169.372992175942,115.180769447926,114.855547530497,114.800832929966,114.626263798036,114.242916702312,113.957788970747,113.714897049677,113.461219358886,113.473351573677,113.646417710164,113.955124774639,114.306303031568,114.444471761778,114.569328655075,114.499700300924,114.103822767376,115.051972182684,115.47338586801,115.588790321134,115.533540550653,115.481330042095,115.475750821346,115.489784798352,115.517017336923,115.680441381534,,,,
,2.38882575435808,0.260929568882028,0.509757722857695,0.315201730989553,0.116957903771819,1.04571234533474,2.44556828585158,"D_DM",10,151.07266615823,150.654138854785,150.628992382834,150.754246220037,150.879702036298,150.580902832229,150.227439743699,149.971629420937,149.844416219125,149.977687728204,157.551786695257,157.79211993734,158.61376085729,159.518704097935,159.9763477033,160.046016632781,159.819635713942,159.664822836939,159.485698501183,159.674876595017,,,,,,,,,,,,,,,,,,,,,,,,,,,,,,,,,,
,1.50703494689363,0.690564466017271,0.810450096696586,0.528322609049052,0.0466278519957928,0.286653484111077,2.02530764707654,"D_DM",6,137.729538134932,137.994384289641,138.079805084363,138.048127581849,138.040784006054,138.507387039642,160.714265961088,160.55883942966,160.312760452097,159.978522119747,159.775480528176,159.423488903421,,,,,,,,,,,,,,,,,,,,,,,,,,,,,,,,,,,,,,,,,,
,4.29797234619833,0.266484513148121,0.658077024794489,0.313898615866944,0.0468711152852083,0.530501525273116,1.7544145518745,"D_DM",19,106.233040850658,106.388898764861,106.434138045579,106.502406580747,106.571262875985,106.835955561416,106.962304045089,107.12563969589,106.881165998716,106.493311175312,106.091910114111,105.542313846752,104.977578752571,104.655811415139,104.35136228282,104.194612080517,103.829241289591,103.262809923911,102.592427456902,206.736885508692,206.335519511571,206.912108429279,207.513875140235,207.932759531257,207.909920487454,207.8194333114,207.930414249823,208.050251083065,208.402365176142,208.684941674799,208.886703579855,209.144459218032,209.268955090432,209.294683108258,209.321321449486,209.089906999473,208.795304513848,209.021289239623,,,,,,,,,,,,,,,,
,3.06945159109963,0.710486278820265,0.855803439218868,0.530415327684739,0.0986761854224549,0.140714422216651,1.77677170699029,"D_DM",7,73.0202421753505,72.582639746937,72.088646486453,71.8650234467091,71.7236668968194,71.3717006737056,70.5587392733746,217.997653805631,218.207341765472,218.795903036785,219.16069412542,219.646573854698,220.006568013848,219.831375849363,,,,,,,,,,,,,,,,,,,,,,,,,,,,,,,,,,,,,,,,
,17.981284108504,0.422615997283851,0.862611964477411,0.686913690581531,0.133828413211937,0.0318082011903345,1.38230867300484,"D_DM",15,84.1753151168542,84.3437910331606,84.5307596951421,84.834469098102,85.2976725703189,84.7110032311724,84.6378240479978,84.4609981770057,84.1726240413914,84.7838062549893,84.7335786134096,84.3307367253937,84.4356808026291,84.2987138215335,84.2326075178616,241.347568820735,241.546172020591,241.613581973213,241.779567094192,242.477195337363,246.570206087495,247.864838708562,248.38524333287,253.389497866065,254.625988673139,256.033133052174,257.433940229357,259.296208943516,259.325301480848,259.328761655792,,,,,,,,,,,,,,,,,,,,,,,,
,2.10722315584232,0.760582467747946,0.939483192361044,0.509301984005411,0.203012610619304,0.27132735957873,2.03220757672249,"D_DM",7,161.351612736345,161.533165504201,161.591654011046,161.610495485321,161.66940026467,161.48180834344,161.130659422701,219.886953703704,220.239700651546,220.53338933642,220.841458840609,221.093858583323,221.46704511751,221.982560790375,,,,,,,,,,,,,,,,,,,,,,,,,,,,,,,,,,,,,,,,
,10.8891597057735,0.865100913602613,0.993647646442541,0.689451105717961,0.0527996438986949,0.0333466949388672,1.78099024750985,"D_DM",10,178.038080868096,179.017967467253,179.572101767662,179.934072869764,180.396552149851,180.750454118138,181.660374818499,182.423330619212,182.790854457314,182.851438702326,139.905162835182,141.548539371545,142.528580863142,143.235345905529,144.112778376181,144.961118342034,146.48220445166,148.096217953508,149.140784832324,149.672730877304,,,,,,,,,,,,,,,,,,,,,,,,,,,,,,,,,,
,7.50242501945021,0.549541831867084,0.761910175348993,0.641869171009309,0.0824523600203299,0.0715183862605205,1.33355762992592,"D_DM",14,209.851815897312,210.217104423806,210.137499668563,210.338499468581,210.456635051385,210.742856600489,211.647208690079,213.31045264159,214.131530234152,214.450163557163,214.661487693505,214.603275290872,214.806437605561,214.83462210041,225.065785561761,225.688542378499,226.0871368221,226.678845437668,227.161819920602,227.449587851479,227.880348738045,228.840951997476,229.409335141227,229.866830516934,230.319181133462,230.502753731828,230.740368069426,230.67453083275,,,,,,,,,,,,,,,,,,,,,,,,,,
,3.29784453067027,0.0599564094914178,0.316459026965829,0.589483487894522,0.238960943880084,0.148038582327861,1.22382730454013,"D_DM",18,125.135034471874,124.339114810492,123.571799783889,123.573284288795,123.932899004575,124.146205570896,124.126775269704,124.104152289819,123.878568842348,126.393583003027,126.959844486099,127.846880225493,128.248302455316,128.304819826621,128.29307450845,128.248735285165,128.072433859605,128.051495945728,179.5359429646,179.321560330019,179.460188917245,179.584679185972,179.77061218288,179.898597452717,179.888088670651,180.042697489107,179.873953347034,179.81137074413,179.303406240538,178.422628363078,177.914547392115,177.682474492479,177.606563244217,177.74192698705,177.855645624939,177.996452457973,,,,,,,,,,,,,,,,,,
,3.38224667975431,0.0159007181951949,0.702760727447247,0.669642715234564,0.038909282074026,0.519192847920924,1.92820130081224,"D_DM",21,229.768674554675,229.725364607872,229.82216518212,230.349683221417,230.563710638512,225.876776170404,226.068088196122,226.414092461239,226.94027728425,227.611625605561,228.783676956903,230.524029978706,231.691613692345,232.038239473905,232.334272078783,232.659341620499,232.783444196438,232.868398219001,232.978745891558,232.917003244454,232.577509095893,206.637930957182,206.79144424977,207.156985492344,207.620299338208,207.859493223533,205.589805805993,205.817056122146,206.052824384699,206.249203564758,206.348951492114,206.649146875073,207.270361264715,207.758731994486,207.960250500114,208.000899142881,208.045863969968,208.085179264716,208.202526556706,208.322736137989,208.483710980557,208.522086238141,,,,,,,,,,,,
,1.0616514941886,0.690481592919386,0.918742788415089,0.657959793929264,0.0283219184094319,0.361237454587466,1.64177739469049,"D_DM",6,127.622114887204,127.355335114296,127.273811435902,127.08682754866,126.955464138487,126.916629159106,113.332071349554,113.13645856298,112.973795656948,112.618423627826,112.559401296197,112.538727929235,,,,,,,,,,,,,,,,,,,,,,,,,,,,,,,,,,,,,,,,,,
,0.956032691524787,0.0392409396026126,0.134016432971142,0.111881356133867,0.488746661614333,0.218511872413143,1.67706097857545,"D_DM",9,181.402200170844,181.291832455615,180.807457874957,180.135072372387,181.025087713574,180.627074649523,180.946630239211,181.413476597464,181.434712555974,189.80508915037,190.039968858428,190.176497528945,190.073435286019,189.217282906228,189.050300727074,188.787903480143,188.705900585897,188.849609453004,,,,,,,,,,,,,,,,,,,,,,,,,,,,,,,,,,,,
,0.599436933734683,0.0291822186881448,0.687003325569257,0.468812361357639,0.149177252858769,0.433036558005094,1.720239299987,"D_DM",9,193.785110442697,194.323187056084,194.807973329786,195.01272651638,195.136772326064,195.085452274944,194.774997920434,194.250786394501,193.766338329133,158.146200759745,158.458934217446,158.919913643191,158.979240878881,159.017135136967,158.984721247591,158.896975350988,158.739681582622,158.745343685329,,,,,,,,,,,,,,,,,,,,,,,,,,,,,,,,,,,,
,4.61416012848902,0.766095619340947,0.942375575508087,0.575359889479636,0.226368285225681,0.260647284557298,1.71003972168548,"D_DM",8,67.4324066009585,67.4485506222053,67.1968568240226,66.606320257685,66.0431571349018,65.5354259828556,64.6119981868935,63.6830137927578,98.4220979266332,98.1164299594387,97.7494123139276,97.0067702491678,96.5036095472078,96.0915195872197,95.9196702685893,95.7327620864766,,,,,,,,,,,,,,,,,,,,,,,,,,,,,,,,,,,,,,
,0.522455906392872,0.0370350398709766,0.148372646405184,0.0819646835937778,0.475594914568953,0.0872170925491904,1.5098582977561,"D_DM",8,187.637383756902,187.85637746937,188.428926629994,188.253944697561,188.296522951861,188.398837054768,188.183276884509,187.983880964214,224.401830944813,224.632402301033,224.708514817387,224.862063431102,224.966767608219,224.440339500071,224.019253537702,224.010806828613,,,,,,,,,,,,,,,,,,,,,,,,,,,,,,,,,,,,,,
,3.13817607880089,0.812922986665137,0.921175657380367,0.602935104995813,0.128381929081736,0.392610206821571,1.9789943952347,"D_DM",8,62.4714422289093,62.0094937586273,61.6917214835925,61.4608948906875,61.0540767105955,60.5649416922076,59.9187562831132,59.3538060196624,121.67119909006,121.556677946039,121.442355426045,121.476293654316,121.365243592906,121.537180396099,121.658904321311,122.029659085528,,,,,,,,,,,,,,,,,,,,,,,,,,,,,,,,,,,,,,
,1.40700171303242,0.240893856529099,0.240756542452644,0.35313183885815,0.00655099856699172,1.15192019221779,2.93852852238544,"D_DM",8,109.06405813147,108.484306911882,107.96399199106,107.589841684856,107.441791676769,107.518938315743,107.430838747576,107.65897901256,233.236842284559,233.455735345894,233.641533489275,233.670661153166,233.814934935626,233.362636462948,233.336962354553,233.163313446143,,,,,,,,,,,,,,,,,,,,,,,,,,,,,,,,,,,,,,
,3.16298876317199,0.66273360262157,0.885710024392268,0.519281228930613,0.301601508598519,0.120538826081141,1.59971186937562,"D_DM",7,237.2313893493,237.098660185988,236.865305896745,236.897174809673,236.829392462932,237.346508435943,237.721791187879,228.354837399836,227.969704915846,227.283875252295,226.91885823645,226.203412806507,225.334276504678,225.230096778174,,,,,,,,,,,,,,,,,,,,,,,,,,,,,,,,,,,,,,,,
,3.38611970119819,0.303449610816578,0.8693311409385,0.254066220976486,0.274976059093202,0.68674083772865,1.92900220933394,"D_DM",9,188.144239515668,188.103397940763,187.892457781937,187.629121240358,187.352507859606,187.109214696908,186.914513778171,186.460659292037,185.606875882295,202.834109697733,203.431707762066,204.314510164276,205.212715526219,205.920633482717,206.366570331159,206.367223036493,205.828129094661,205.076339039901,,,,,,,,,,,,,,,,,,,,,,,,,,,,,,,,,,,,
,1.13792055414452,0.120596273182563,0.509899447662651,0.00972806852283262,0.0402070327222015,0.0667305026518405,1.69588099228313,"D_DM",9,207.272650560287,207.735095909345,208.032992391653,208.189910498329,208.086933832876,207.798645208833,207.835321053846,208.076305533116,208.402069150778,109.176308463437,109.274968296289,109.491564850448,109.703038117537,109.784435484239,110.053645132801,110.098639456053,109.639238741253,109.037467421241,,,,,,,,,,,,,,,,,,,,,,,,,,,,,,,,,,,,
,0.296139796183505,0.0488593166806544,0.260891720915388,0.36287268989402,0.228906287875722,0.760355870533159,2.24770960158795,"D_DM",7,139.117455675667,139.304120071433,139.264202667668,139.263941114597,139.264070666221,139.215182675106,139.139116935837,137.755390071934,137.91441986228,137.631115836909,137.591971262152,137.574999092327,137.682472545418,138.050736595007,,,,,,,,,,,,,,,,,,,,,,,,,,,,,,,,,,,,,,,,
,2.43308308324592,0.20800838469795,0.820944451747808,0.0627339964367226,0.0975997091339961,0.581900368614812,1.71619355585316,"D_DM",11,163.623778366906,163.782923920658,163.973698321305,163.8828211472,164.005151679085,164.122110296877,164.405385392126,164.512227733251,164.799759872056,165.152405322779,165.936955905502,55.6066865169338,55.6282060860368,55.7146706195627,56.7044943676129,56.9883996817278,57.2027248490361,57.5137715811334,57.5588586093948,57.280297579318,57.0656950591729,56.3610756505471,,,,,,,,,,,,,,,,,,,,,,,,,,,,,,,,
,1.72028784494938,0.756682794180835,0.805023410876936,0.51418441583904,0.100075772634074,0.134399723035709,1.62568882598044,"D_DM",6,135.209086520759,135.420678494455,135.707385787186,136.115229694724,136.558651432069,136.873605908823,71.161675311035,70.9256186768818,70.6814981948479,70.6851986069814,70.9022363084599,70.7272038203231,,,,,,,,,,,,,,,,,,,,,,,,,,,,,,,,,,,,,,,,,,
,8.29451280067577,0.102808351440423,0.671980623245641,0.360447549480611,0.249538640463877,1.92021019328278,6.80550420142002,"D_DM",22,137.739849390066,137.81348227635,137.788636210713,137.797366853927,137.741809833731,137.620473440612,137.451194739737,136.933743440841,136.543925954814,136.097596681918,136.10574366941,136.900662959707,137.811338917201,137.953117342757,138.004665216126,136.861283492697,136.496259207988,136.125725200524,135.683085149537,135.423875208247,134.710215137043,129.877240907934,157.196261345822,157.6802033962,157.720543383268,157.547655547968,157.256746386328,156.88293884471,156.76034021001,156.764653019321,156.879756537907,157.071045480829,157.328603359412,157.519129734192,157.837943818392,157.940369158586,157.843774262289,157.036505385338,156.272456835748,155.563251856565,154.847536858384,154.254550280763,153.86764254967,154.554608367611,,,,,,,,,,
,0.479529955036604,0.095967089317037,-0.033726517001173,0.0963144488322663,0.00899245089660203,1.19919322018498,3.41047509774312,"D_DM",6,233.833658046559,234.121810429549,234.380425752304,234.113313599589,233.903856534559,234.083570416106,246.117761450746,246.505206172407,246.543727100193,246.612348543734,246.674197805957,246.527020275116,,,,,,,,,,,,,,,,,,,,,,,,,,,,,,,,,,,,,,,,,,
,0.946827661952885,0.0688050891705947,-0.0665206550742744,0.263043570471308,0.162539152779392,0.455563110004751,1.95382360320856,"D_DM",8,105.317488252544,104.898186445859,104.170134324251,103.943006944037,104.224883582472,104.027067623657,104.739673465161,104.40715651143,219.331725948307,219.069312360523,218.896346825024,218.808531344764,218.732928040034,218.983126217193,219.229726605273,219.59206945708,,,,,,,,,,,,,,,,,,,,,,,,,,,,,,,,,,,,,,
,2.79646014401763,0.835386122642485,0.787339307385014,0.650640824021726,0.122441720333643,0.161962583797116,1.80513639923169,"D_DM",6,137.490419980782,137.30095391697,136.980927250869,136.749314794635,136.789923617698,136.42301206273,189.721812600013,188.919498519965,188.666239656213,188.039338646829,187.45383118136,187.137082503164,,,,,,,,,,,,,,,,,,,,,,,,,,,,,,,,,,,,,,,,,,
,1.49084568380247,0.255808804070188,-0.400950741945892,0.434812267157644,0.0257865048726972,0.205307738518975,1.52255798509203,"D_DM",9,141.78859799913,141.68202957332,141.741852557228,141.715340285842,141.766087791512,141.848964650077,142.319855886283,142.35001333375,142.569348667949,119.499581335591,119.959295530594,119.742785551154,120.198111573787,120.121159413836,120.495077602706,120.902809490105,120.792335543861,120.76964009252,,,,,,,,,,,,,,,,,,,,,,,,,,,,,,,,,,,,
,1.80488155237905,0.145834451494711,0.76671402217441,0.0342979329210923,0.239251942867144,0.280690728454618,1.69220935812293,"D_DM",8,200.939763995975,201.361611356848,202.124057255327,202.628839349744,202.313632161046,201.958827176478,201.360623171894,200.428436700185,85.0826013656038,84.5864896740899,84.154142497207,83.66987053196,83.4509640162111,83.3660904163995,83.391647932589,83.3516646785182,,,,,,,,,,,,,,,,,,,,,,,,,,,,,,,,,,,,,,
,3.8737405288644,0.709061987122185,0.933699611570974,0.656686634121006,0.0222479090665703,0.694006019073143,2.14603211462196,"D_DM",7,156.334903767619,156.387803585668,156.586104375327,157.034236392127,157.577843669822,158.314364438565,158.834177409621,165.407800620912,165.217238959612,165.072658854441,164.650499219286,164.276372491968,163.61667305579,162.44815588761,,,,,,,,,,,,,,,,,,,,,,,,,,,,,,,,,,,,,,,,
,1.47876851657365,0.00707845156124368,0.415970056085743,0.555993239239776,0.0484191295295743,0.657190783319037,2.24232028869981,"D_DM",11,86.2256915875252,86.1669713005685,86.0451545617919,85.9130368017461,84.8600835006794,84.4015515241632,84.4954516039308,84.9285407952725,85.1390663227801,85.3422886083469,85.4940028279992,258.221011103376,257.710059906092,257.424025558595,257.450699150243,257.800376566824,252.877349104102,254.542263652821,254.656810861518,255.391971682109,256.080611953816,256.935947725642,,,,,,,,,,,,,,,,,,,,,,,,,,,,,,,,
,3.4693932342449,0.830372931435442,0.933878364915705,0.683933959642086,0.0606853589363921,0.274851915904979,1.57355024006147,"D_DM",7,162.502770818751,162.885773503727,163.654663136825,164.338067944769,164.995902525814,165.102558823522,165.446093423925,109.287772349497,109.634534402934,109.986351903558,110.299375349361,110.804511097665,110.980291804699,111.124492648207,,,,,,,,,,,,,,,,,,,,,,,,,,,,,,,,,,,,,,,,
,4.5591085265953,0.192557931039457,0.823146281504873,0.606164054430305,0.228619661390819,0.849026204691067,2.34033024876033,"D_DM",15,184.814553504131,185.103444083853,186.067533018671,187.173357480011,188.011303858239,188.939707347565,189.64171359174,190.038117486836,190.35278863009,190.149591385043,189.808629909454,189.673875098351,189.366146673152,189.34044439102,189.127953140131,168.174543923282,168.127172356195,167.637226605459,167.118959500606,166.766517012288,166.229141542577,165.747047249994,165.138819511705,164.772825151612,164.718020317666,164.729401853567,164.943408344539,165.305389917507,165.868762919696,166.698043284126,,,,,,,,,,,,,,,,,,,,,,,,
,0.765429765636388,0.173694212151777,0.636576710108592,0.234858895343073,0.609366555029044,0.926810823502729,2.81000516996938,"D_DM",6,183.081313291684,182.474776588187,182.278761944157,181.997880813999,182.10032644275,182.405653282801,189.442106509547,189.523496303433,189.536083837121,189.346618014494,189.150828806123,189.082431269202,,,,,,,,,,,,,,,,,,,,,,,,,,,,,,,,,,,,,,,,,,
,0.893037129233025,0.23395872089196,0.296582739827022,0.588409518566555,0.166077048237961,0.359626806134267,1.55252278461148,"D_DM",10,106.138287404502,105.999564488713,106.096996736892,106.13116645899,106.170026468341,106.241933831989,106.14892818213,106.143027985083,106.162707920825,106.01855662011,129.059673686204,129.207245771023,129.131059743745,129.23247280431,129.284071698984,129.523726564136,129.771832668164,130.044101588884,130.186365800163,129.944648179315,,,,,,,,,,,,,,,,,,,,,,,,,,,,,,,,,,
,3.19323296164956,0.44243324480983,0.390098529987137,0.634060260259548,0.249759002111878,0.43271865076226,1.57286062276832,"D_DM",8,175.037530123922,175.401788913682,176.126590489135,176.538439508478,177.782383976785,178.017311424105,177.633022349409,177.829612409162,189.969795910735,189.804258841176,189.315018768018,188.850740920092,188.671218115957,188.470586685357,188.20068004282,188.420275578563,,,,,,,,,,,,,,,,,,,,,,,,,,,,,,,,,,,,,,
,2.30367151464013,0.453860289238258,0.133584126631634,0.628943715224442,0.139538561977209,1.11943561134242,3.27991350301178,"D_DM",6,102.34873400883,101.83577545958,101.640522898704,101.700658819294,101.401848486004,100.045183648883,186.070661331577,185.880275781648,185.82453912888,185.950861874744,185.850737041394,186.047035359574,,,,,,,,,,,,,,,,,,,,,,,,,,,,,,,,,,,,,,,,,,
,1.42541394152889,0.138952794528751,0.684883982932467,0.552160570104496,0.191980472686451,0.472058616640978,2.06344580254079,"D_DM",8,158.981867869986,159.413232958829,159.930274692004,160.58449260489,161.075055140167,161.010154712125,160.667076792717,160.361827892886,140.112798987895,140.496192706384,140.757175790171,141.109735837422,141.413809474596,141.222629950659,140.842800041811,140.469891748816,,,,,,,,,,,,,,,,,,,,,,,,,,,,,,,,,,,,,,
,1.98120715475584,0.503420282351974,0.779980881241745,0.523722623389329,0.309817959759977,0.462099526735886,1.53121457934498,"D_DM",7,101.561502300004,101.543352791907,101.350162791137,100.967317421067,100.695186818694,100.499341002188,100.346926248129,264.335152050385,264.709611049893,265.232738057267,265.890426219906,266.188594022599,266.007259407685,265.900395419407,,,,,,,,,,,,,,,,,,,,,,,,,,,,,,,,,,,,,,,,
,3.84178207993913,0.0601821859928354,0.601595355630549,0.320787081017756,0.396325806495383,0.927809167881065,2.49506200816658,"D_DM",21,89.7339147155406,90.6584896539382,90.6116481000491,89.5887602281635,88.9376063199386,88.0976754697477,87.4759342726423,86.9241372956363,86.4387154849846,86.0004964441301,85.7411277480043,85.7181686887979,86.2598611108412,86.4345859625586,86.9003095945705,86.6402471437334,85.8876015834425,85.472122127652,85.4205503491467,85.5168460690264,86.1153892572723,155.689165982824,157.165368717507,157.487459117942,156.475838191034,156.363208993987,156.458148769682,156.348742545494,156.450298327833,156.305454744107,155.879477193217,155.515766962872,155.336489261804,155.719528557493,156.542116438097,157.516153948882,157.795954120231,157.358661030043,156.928723866066,156.679204548948,156.459309944668,156.979732934828,,,,,,,,,,,,
,0.749409950787488,0.221292400100511,-0.179055465799855,0.283963427466444,0.295306864962632,0.0688396310634649,1.74724525663839,"D_DM",6,83.0479369227085,82.8416526418715,82.8038015147312,82.5811794325942,82.2015861636193,82.3025539958488,173.371416115467,173.024246748562,173.209698951696,173.048515126453,173.015037447069,173.293830248936,,,,,,,,,,,,,,,,,,,,,,,,,,,,,,,,,,,,,,,,,,
,1.13763811586435,0.232506185799213,0.167994440356373,0.617692413973567,0.104437888469821,0.677076471394506,1.86019360151988,"D_DM",10,120.651378204406,120.538569681953,120.450597959154,120.554390988563,120.397310016546,120.523183493262,120.390449686931,120.372547133444,120.380675620583,120.293157764983,243.089475186909,242.862360265954,242.897634310837,242.744505600269,242.834836792724,242.947994764906,243.39492876525,243.778088066907,243.954083054223,244.169243032072,,,,,,,,,,,,,,,,,,,,,,,,,,,,,,,,,,
,3.98822941114214,0.409199444104099,0.743680812410002,0.472795076952494,0.10619158054827,0.490092880112173,1.65355333103566,"D_DM",14,197.831664098573,197.423304771102,197.26236220741,196.929588094822,196.572041814497,196.635675668485,196.561420830562,196.390799460769,196.12020867098,195.513243602874,194.87395773122,194.317178039759,194.011490963506,194.022757113587,81.724640502318,81.2312347224692,80.9442773337883,80.7250240772399,80.6259085079007,80.9882899689032,81.2987060520462,81.8792242185113,82.1697846143124,82.4821407452711,82.791401493988,82.9834505488005,82.9606406070843,82.9070961740528,,,,,,,,,,,,,,,,,,,,,,,,,,
,4.38316472946456,0.76432818284717,0.974754042053053,0.663435782112448,0.169389162577952,0.181689944632371,1.42019656714227,"D_DM",7,164.71628137523,164.657556538936,164.854253846569,165.375067595305,165.804416086461,166.184246244876,166.303071071632,60.5849962937626,60.0221873824696,59.1695069958508,57.99208221066,57.0320921772308,56.6251417009772,56.4991387944103,,,,,,,,,,,,,,,,,,,,,,,,,,,,,,,,,,,,,,,,
,5.12309087529371,0.750130730277624,0.875653459136502,0.659063473634738,0.141214096961942,0.353562109170954,1.60349112933781,"D_DM",8,49.6412705333186,48.9603681555023,47.8345707272654,46.9500070592658,45.6937337911864,45.0678861113636,44.792805203297,44.5240172609935,171.529261069667,171.764867333906,171.936302942431,171.889849761432,172.104233237594,172.356565375237,172.0488647218,171.773758643061,,,,,,,,,,,,,,,,,,,,,,,,,,,,,,,,,,,,,,
,2.24890940384936,0.164543942339499,0.0295058850679487,0.271194930968455,0.117772102117283,0.336062505983164,1.79134315938566,"D_DM",8,138.070220973105,137.775788312137,137.344871886799,137.307097673475,136.966057294618,136.534005406512,136.970988431725,136.325497733587,284.267060124385,284.324273150325,285.111121047927,285.412771839588,284.241198086679,283.405822803599,283.492481291061,282.848069523921,,,,,,,,,,,,,,,,,,,,,,,,,,,,,,,,,,,,,,
,4.99402377332344,0.879172868987543,0.966051564430639,0.628923665966331,0.0687545129086044,0.193512414301169,1.88507724557689,"D_DM",7,195.18381938139,196.263620178716,197.379927531962,197.92983698807,198.553047484907,199.273768571594,199.845925074865,164.147090147397,164.032330660373,163.819604587326,163.608016638717,163.374426778008,162.638950607874,162.356826493243,,,,,,,,,,,,,,,,,,,,,,,,,,,,,,,,,,,,,,,,
,7.5299840649787,0.46325644830415,0.719556410134666,0.62251452269305,0.0206267770261259,0.168046408704344,1.53613383368624,"D_DM",23,151.225203975508,151.414148423526,151.622871050968,151.548512161188,151.696701350929,151.431480027501,151.057468364807,150.8718150625,150.406287121768,150.024909792437,149.70263964667,149.152501813662,148.941412077251,148.837438111482,148.850980180861,148.860875305857,148.657022061387,148.569968344793,148.334700633305,148.319213131403,148.407541733931,148.462419183974,148.563864917042,253.89446068057,253.30700463522,253.325901308184,253.481575214536,253.819261383638,253.881779250999,253.983951254635,254.454386371891,254.663872769728,255.12689817601,255.685037867039,256.244694423132,256.780566648907,257.293328049059,257.76181450523,258.259822644696,258.343245297769,258.853425864756,259.866949291689,260.283267154774,260.587518049167,260.663169281841,260.938460569462,,,,,,,,
,1.1810762976204,0.781300947792567,0.838353288214299,0.631760020009181,0.114654599272253,0.392202776332681,1.75858827338182,"D_DM",6,140.43080873611,140.494701375488,140.743871842441,140.921507599767,141.042192215555,141.001794439707,195.225874925939,195.570993521008,195.781033691372,195.960637932402,196.148565896559,196.259759129846,,,,,,,,,,,,,,,,,,,,,,,,,,,,,,,,,,,,,,,,,,
,0.846607627782879,0.00509717426851276,0.40169805081599,0.612230884246236,0.0500685482036605,0.281482205960298,1.46314830122877,"D_DM",17,160.856205541339,160.886283763607,160.724427291513,160.817515320172,161.552067186937,162.021272340422,162.616945398784,163.835148209223,163.976274300636,164.259902318171,164.138120618476,163.752268119615,163.519066030979,162.836000727423,161.77973528003,161.042683011673,161.093513675444,220.465792320464,220.496838880125,220.469388410994,220.524511906929,220.433130529812,220.940090939903,221.674458808425,222.090708830719,222.804744401976,223.038572385889,223.191825294004,222.749342479122,222.242283565616,221.61710586925,220.791405986003,220.538553405666,221.278460349187,,,,,,,,,,,,,,,,,,,,
,1.09385302037822,0.0525521626978178,0.711539576634068,0.550363066798997,0.402903065193967,0.378724593661489,1.93812661198765,"D_DM",9,102.092094097835,101.710063881912,101.512524839963,101.403355842883,101.650207530336,101.673136184066,101.834334809416,101.807346791496,101.838264779879,72.6582650073982,72.2568321342391,71.4436332644343,70.8946337987806,70.3256559709049,70.2616283521425,70.2433416487589,71.2314430736868,71.5942701260494,,,,,,,,,,,,,,,,,,,,,,,,,,,,,,,,,,,,
,3.35218233404421,0.40947336576105,0.898349877685487,0.439645181075541,0.300401318717901,0.572271770275514,1.88217985036209,"D_DM",12,141.053842522354,141.275621066034,141.789515572386,142.013697658852,142.110312919086,141.961302057268,141.759893519166,141.488756840591,141.103003665357,140.923385877803,140.548832388994,140.006856085421,160.972760662195,161.175724227075,161.135888599752,160.942950888715,160.621117877384,160.327040605026,159.862373560455,159.424660123559,158.891949692798,158.565470118824,158.194228514245,157.788275491629,,,,,,,,,,,,,,,,,,,,,,,,,,,,,,
,1.34779346501102,0.0751833887809425,0.369947259256515,0.4094388437283,0.450412380601176,0.073417514943458,1.41265376230258,"D_DM",8,131.642136614594,132.143851617945,131.778277077689,131.510059764698,131.042535749823,131.089645991814,131.478043314008,131.908641679955,271.768019646594,272.30940835082,272.079556848071,271.647170101847,270.505464723102,270.430260239859,269.893065011773,270.446837496221,,,,,,,,,,,,,,,,,,,,,,,,,,,,,,,,,,,,,,
,1.4018377647738,0.522196133651907,0.862607247413058,0.302981572347237,0.250720644312116,0.0318222909223942,1.64722696277713,"D_DM",7,89.1876086725115,88.9716049900476,88.7237411388008,88.3992415605658,88.2119620993716,87.9174970069307,87.8734022858407,192.326112730375,192.339714052176,192.280514775341,192.144047824765,192.153044548985,192.326545528607,192.813976125169,,,,,,,,,,,,,,,,,,,,,,,,,,,,,,,,,,,,,,,,
,1.54769625331233,0.860482291291078,0.899544000170043,0.623892255247195,0.0122088640732065,0.0627378922560591,1.68181501611642,"D_DM",7,137.395948459086,137.477372289273,137.687697786419,137.994591962534,138.216852129174,138.41410082765,138.531645030323,103.584016087076,103.828293437328,103.928692861294,104.069470378671,104.141700818299,104.381795586343,104.63547078919,,,,,,,,,,,,,,,,,,,,,,,,,,,,,,,,,,,,,,,,
,3.64784687295402,0.301712998626338,0.746276785392876,0.626263266813232,0.157746404921605,0.553262868220799,2.21865411217719,"D_DM",15,103.674200926497,102.763660978883,102.378198909041,102.086350583677,101.629211143865,101.241874542037,100.91480189326,100.612829159889,100.257811432428,100.046546987078,99.719115715796,99.2339514417942,99.3564317708628,99.6121012270366,100.04528773986,204.11375833726,204.181231291973,204.079615041143,204.145898990539,204.470150634075,204.68896354936,204.629993639686,204.632348634274,204.451784145617,204.341688349178,204.584826953553,204.998782617898,205.012041082486,205.030388643797,204.484940088384,,,,,,,,,,,,,,,,,,,,,,,,
,2.13975102361107,0.379105173590846,0.698998723978459,0.437949331157655,0.0778369157232141,0.452329677470687,1.75193765732944,"D_DM",11,123.210746677966,122.879388875396,122.87149424306,122.777880791827,122.732916964622,122.928978641049,123.220367576134,123.283590259223,123.629235811248,123.584318788315,123.176714729386,51.6580288017365,51.2482742804925,51.2475779537055,51.0649819516612,50.9585770902588,50.8009798807694,50.6169498526507,50.40816739007,49.8917191799679,49.6029132512229,49.5185484280194,,,,,,,,,,,,,,,,,,,,,,,,,,,,,,,,
,1.9648304670303,0.432700641666474,0.394368291835036,0.298505112122868,0.387583631979062,0.261687573333392,1.61092553872867,"D_DM",6,142.289501863741,142.821941790958,143.404394406019,143.72756883332,144.147194345597,144.213505794795,180.71881892589,181.333717474577,181.155182369259,180.777613726288,180.880395171276,180.320362356787,,,,,,,,,,,,,,,,,,,,,,,,,,,,,,,,,,,,,,,,,,
,0.746327903698557,0.290699470894906,0.0669244482013832,0.450011070917706,0.0573077558357641,0.302605070649789,1.33672516251142,"D_DM",6,218.494020600079,218.314955818846,218.290188266208,218.042958110048,217.719559557048,217.796114450133,127.815470773658,127.65327576988,127.57669147887,127.900281929234,128.104012083596,128.079918019262,,,,,,,,,,,,,,,,,,,,,,,,,,,,,,,,,,,,,,,,,,
,2.53993114952808,0.878443471766337,0.943527666921905,0.664258838127794,0.0856841181205693,0.289752529921566,1.72322938849729,"D_DM",9,156.507304454978,156.880183825062,157.243010494599,157.636554993494,158.04943366882,158.356432945932,158.641297298271,158.766032047626,158.946125531793,182.066048627936,182.023524157499,181.83301615489,181.867920324706,181.822336539103,181.715138362154,181.634113336208,181.512645060719,181.356540347768,,,,,,,,,,,,,,,,,,,,,,,,,,,,,,,,,,,,
,2.10416945957293,0.66033193666319,0.913343256834963,0.50247451167752,0.265933530273119,0.51341406837032,1.91708976024861,"D_DM",8,82.0772019455128,81.5862325093722,81.3688727010842,81.1648496943494,80.9300494386895,80.9240913456171,81.0220533906931,81.1664986203806,212.425281958812,212.708708480052,213.087110205705,213.373250403717,213.643479651999,213.952580477178,214.132270628824,214.322160597047,,,,,,,,,,,,,,,,,,,,,,,,,,,,,,,,,,,,,,
,3.74581099391518,0.920942788565787,0.986933439963878,0.668568495422434,0.0863194059217596,0.266856895585773,1.80451463511722,"D_DM",7,168.836412563873,169.216090977294,169.68421917713,170.292930103584,171.009089750834,171.621676583107,172.514535198318,197.489098394853,197.698841918041,197.942977734502,198.016155365534,198.085428689152,198.139589790318,198.197980534645,,,,,,,,,,,,,,,,,,,,,,,,,,,,,,,,,,,,,,,,
,4.65684058776224,0.578199449174848,0.700707521101333,0.616270654938131,0.271823670423169,0.239980940157643,1.40164321446443,"D_DM",8,125.378348849825,125.088170491197,124.736220899149,124.635956627021,123.189904958093,121.957151637668,121.089994270801,120.920721590059,43.6606957140337,43.1129265653279,42.9107935492676,42.6248906157509,42.3081753134933,42.2174164063702,41.9391342660805,42.3132078763063,,,,,,,,,,,,,,,,,,,,,,,,,,,,,,,,,,,,,,
,4.54315607324237,0.740329063156602,0.946144150954276,0.526243674777151,0.180964880846414,0.0323835312429486,1.74872531014305,"D_DM",7,102.716470289804,103.041714502227,103.397053244202,103.737999782599,104.085962393803,104.046796723114,103.377915614271,95.738768875012,94.8354377312252,94.3462440226821,93.7344860516019,92.6842615906768,92.2457896947432,91.2440211414255,,,,,,,,,,,,,,,,,,,,,,,,,,,,,,,,,,,,,,,,
,3.04744674226637,0.832021225321621,0.977422874268578,0.661298655732456,0.141432551887519,0.43502748329523,1.89840666389817,"D_DM",6,220.812276431907,221.36282601416,221.778961389408,222.059364888632,222.21243431652,222.21446948291,240.865818407802,241.704488590175,242.192690856928,242.777577683039,243.340490966848,243.57151356703,,,,,,,,,,,,,,,,,,,,,,,,,,,,,,,,,,,,,,,,,,
,3.8149733722128,0.70817839476434,0.750433573429069,0.64566801236981,0.0438238398529563,0.487985571182766,1.72767667766156,"D_DM",9,154.44980456029,154.337348342478,154.573154577839,154.86852757817,155.130875368814,155.62477815022,156.193339014236,156.386511450621,156.514285110023,265.474974609611,265.608565692827,265.649684935526,265.859254898987,266.206895216477,266.756108741465,267.397768154716,268.034661948618,268.683080264116,,,,,,,,,,,,,,,,,,,,,,,,,,,,,,,,,,,,
,5.11299944868417,0.809090907207448,0.973230138961523,0.597834880656704,0.10860257320909,0.272028594264463,1.81448132207565,"D_DM",8,156.403172800086,157.030338073668,158.191731425276,158.794977423487,159.084052778353,159.320035234275,159.546833574839,159.918488158728,61.3583814499883,61.1734116141952,60.4931347850075,59.8179147122191,59.3973592911166,58.8773122891752,58.1562449066307,57.6455225391837,,,,,,,,,,,,,,,,,,,,,,,,,,,,,,,,,,,,,,
,1.74972085775835,0.298247780914097,0.237744027789911,0.537471815954908,0.0925194114146826,0.011282493908921,1.34882992102088,"D_DM",9,161.598620765299,161.578469021774,161.598714727259,162.178510324016,162.653116144638,163.031723709582,163.379314071589,163.467541536081,163.298373591145,206.177136861902,206.459287551801,206.302764079549,206.436087063948,206.354697503534,206.082352501411,205.736923270955,205.528064583319,205.761970135027,,,,,,,,,,,,,,,,,,,,,,,,,,,,,,,,,,,,
,1.25051684890004,0.700022549124543,0.683916992646007,0.592580107412308,0.159724915956417,0.536551685349229,2.15157664145833,"D_DM",6,58.5193194053642,58.1225790127982,57.7397783407397,57.66846831435,57.5268888582505,57.3389220570859,118.990286455479,118.921414956263,118.883022853164,118.81332800253,118.842826654931,118.577425111248,,,,,,,,,,,,,,,,,,,,,,,,,,,,,,,,,,,,,,,,,,
,2.70534360684218,0.698846217477866,0.821476424259768,0.65041088847666,0.0519824771551568,0.413428421379948,1.5454963211983,"D_DM",6,131.50702417085,131.346554757514,131.310907672482,130.463418483529,129.547624868052,129.109062079632,216.099481479812,216.356320403106,216.570826011562,216.787186673066,217.066275545249,217.351943790688,,,,,,,,,,,,,,,,,,,,,,,,,,,,,,,,,,,,,,,,,,
,1.95603192568265,0.121085256216406,0.0416309621961926,0.0300115189531374,0.490119134937408,2.10796747562998,6.42371461348401,"D_DM",10,180.897499131381,180.67682843831,180.730507251708,180.656640453906,180.811048306473,180.772962861278,180.588261615073,180.418772211962,179.967307371981,179.148955323583,189.788351762649,190.355330238947,190.367442908625,190.321447818708,190.361799664282,189.794205381148,189.616111603584,189.566082821116,189.338867468,190.665081736187,,,,,,,,,,,,,,,,,,,,,,,,,,,,,,,,,,
,2.13524609759975,0.261997052866882,0.364808844879348,0.367923303794907,0.0830026005151075,0.412410423801901,1.63027538230042,"D_DM",10,188.993176984676,189.068097304643,189.050477885947,189.095740867353,189.005291824267,189.56211250355,189.944367127713,189.886298797477,190.075533088208,190.346423575942,205.036545171396,205.337368880229,205.86568950587,206.269036502491,206.39828876486,207.212937916032,207.187992284551,207.178441756945,207.020303706238,206.688210864126,,,,,,,,,,,,,,,,,,,,,,,,,,,,,,,,,,
,2.9987807190446,0.759252044997593,0.959146949775546,0.579386468534334,0.13392049433282,0.146047148131632,2.16855835615077,"D_DM",6,241.483203723209,241.019919183154,240.894727214621,240.824535174412,240.924405834566,240.984027762816,204.964177551808,205.842300667359,206.015910918347,206.402466733229,207.0716657804,207.921120087855,,,,,,,,,,,,,,,,,,,,,,,,,,,,,,,,,,,,,,,,,,
,5.22096025875368,0.519867149772399,0.92847371811639,0.655440177877219,0.0585103413509051,0.745465245947746,1.85424806205699,"D_DM",7,37.3294705286068,37.7401108700625,37.9809518712758,38.1765563646768,39.2842865148025,41.8148985016312,42.5486149257587,109.097877513585,109.324344951023,109.522565571441,109.675958067627,109.535363385347,109.134666262036,109.23556478665,,,,,,,,,,,,,,,,,,,,,,,,,,,,,,,,,,,,,,,,
,1.90660335933026,0.247817029374286,0.705990723342016,0.272844594605098,0.142742135646439,0.30082306702972,1.38906194883228,"D_DM",11,100.799339015514,100.580444848538,100.250368602335,100.005590327677,99.9466852321813,99.7935457470126,99.5301562703213,99.4199968816719,99.1669130282945,99.2155127513816,99.4870389148643,140.669957342642,140.524026045734,140.227550754785,139.897067200416,140.044068356292,140.509441947886,140.984217278169,141.346546905675,141.49756378886,141.700747357092,142.053071515675,,,,,,,,,,,,,,,,,,,,,,,,,,,,,,,,
,2.06826411335307,0.287293205610728,0.749456293176017,0.591526771162413,0.266180612379681,1.20134528963953,2.93470166676608,"D_DM",8,150.691142894706,150.466010003574,150.453479675526,150.413250934366,150.340022411949,150.245019056174,150.151085959382,149.728012053371,57.9163315225551,58.2141486677701,58.3367130760448,58.3593172810414,58.3270726735376,57.7915653565863,56.8249076366525,56.0860049328304,,,,,,,,,,,,,,,,,,,,,,,,,,,,,,,,,,,,,,
,2.16579393483699,0.596079779614587,0.799679141512327,0.321895222106032,0.382606393422804,0.242785175238699,1.78320870128069,"D_DM",6,98.0204119634502,98.3506516420298,98.6561453946767,99.0755915019966,99.566930598264,100.003689171618,170.06614005947,170.715666602352,171.173092850317,171.185577076353,171.285700017006,170.936355483224,,,,,,,,,,,,,,,,,,,,,,,,,,,,,,,,,,,,,,,,,,
,1.47344263927343,0.0324162336716366,0.742161462512945,0.53904701884742,0.245128340328738,0.0984543775667816,2.00407440552153,"D_DM",10,152.545989254594,152.219763603004,152.206432131946,152.183942387192,152.239601308264,152.119341105475,151.745162332246,151.528560125376,151.693721237152,151.919167439452,250.388199788266,251.037134521378,252.241248448062,253.13818360837,253.652538833935,254.197025363546,254.511148588115,252.753664481044,252.019311496062,251.721664307213,,,,,,,,,,,,,,,,,,,,,,,,,,,,,,,,,,
,1.09795228753428,0.533946295461311,0.340830849511755,0.600609369979861,0.121180876272351,0.724846767502132,2.0527938547212,"D_DM",8,102.062381357093,101.911712732184,101.946386603708,101.974334103109,101.794447196441,101.498977076312,101.243416333057,100.983156911188,187.58243294114,187.404720687341,187.409641004997,187.426355503437,187.373324254923,187.350101258507,187.296604959421,187.380507655294,,,,,,,,,,,,,,,,,,,,,,,,,,,,,,,,,,,,,,
,4.42145434369293,0.841766077002547,0.93406716256711,0.617181340423087,0.158283432363589,0.0276563511595219,1.51503097685316,"D_DM",7,209.041657226736,209.460944141298,209.743025288611,210.346882222011,211.026687836179,211.670502987953,212.310123810991,182.852317001303,183.276502589892,183.976983117092,184.697034113164,185.511076589016,185.847057368529,185.829964512505,,,,,,,,,,,,,,,,,,,,,,,,,,,,,,,,,,,,,,,,
,0.884073373652804,0.35610384340258,0.134571533345055,0.357879427756127,0.640226171525631,0.775462907164639,2.258567198397,"D_DM",6,144.590609620734,144.487776363099,144.54231291047,144.311267387587,144.156434129939,143.712919729284,185.657962045743,185.840162576992,185.818201994693,185.481632283041,185.485728653957,185.551914016769,,,,,,,,,,,,,,,,,,,,,,,,,,,,,,,,,,,,,,,,,,
,1.15945498757616,0.198985213887619,0.320139432055516,0.559954639716881,0.108137429227354,0.350971192641051,1.55809670489938,"D_DM",7,63.5341565688042,63.8367897156179,63.6405522783713,63.3845985837162,63.1399275967495,63.3099993952897,63.2998273211042,123.41934353701,123.635172594399,124.134475957248,124.651388688407,124.975716522848,124.971042844049,124.554872344169,,,,,,,,,,,,,,,,,,,,,,,,,,,,,,,,,,,,,,,,
,2.16888228941761,0.877430494347816,0.911689923684499,0.676109141887442,0.0761881841707094,0.239322637620689,1.99647895594437,"D_DM",6,45.0857010904814,44.637451847141,44.2415128340334,44.0557524605265,43.5139133719751,42.9168319844758,160.334624048629,160.293460723058,160.356484246561,160.257075122806,160.214810003233,160.327061882004,,,,,,,,,,,,,,,,,,,,,,,,,,,,,,,,,,,,,,,,,,
,2.50610634217906,0.715409887917103,0.904691049874206,0.589511173467462,0.240639658729134,0.604508748567817,2.06492079723653,"D_DM",6,197.420608269843,198.181224074085,198.751774319144,199.048521333831,199.195062782975,199.267495915803,166.025530676505,165.694039693884,165.153795714121,165.005472081062,164.876014757028,164.331548674974,,,,,,,,,,,,,,,,,,,,,,,,,,,,,,,,,,,,,,,,,,
,2.63819017042718,0.289750974300401,0.491929298072815,0.364898583652083,0.0772296657249409,0.457224374930057,1.62376958409409,"D_DM",11,67.5801771258239,67.7091567764077,67.0888592310176,66.3214047501958,65.6738490533476,65.5721402848954,65.5763391538401,65.4110882716263,65.3186748465712,65.3365359438049,65.2148300600378,162.635129114595,162.522456799406,162.664668316862,162.750978048644,162.522906207394,162.066005969993,161.628532101076,161.119249102824,160.9491178178,161.117858902472,161.466719668504,,,,,,,,,,,,,,,,,,,,,,,,,,,,,,,,
,1.82738448461065,0.393291223422003,0.629199069601917,0.56154272658954,0.246100341793816,0.261584297830357,1.68975151778804,"D_DM",8,128.066704915867,127.867751573239,127.923301291385,127.927349729032,127.997053861325,128.263104953253,128.58631175887,128.874423504796,222.007261924774,222.384548118667,221.924155548632,221.59364716578,221.244312591298,220.857006961339,220.451208189113,220.368077757057,,,,,,,,,,,,,,,,,,,,,,,,,,,,,,,,,,,,,,
,4.7457020497439,0.203179602994217,0.545665382471914,0.577595541517397,0.144774535831775,0.832761027118424,2.97038505845926,"D_DM",11,189.820108403753,191.088828711809,192.378920337995,192.936758912673,193.633702023789,194.454184374455,195.168986517114,195.716406911178,193.90869471102,193.628471584307,194.376074273341,168.308094064351,167.390960593998,166.61357862841,166.563567992302,166.585182308421,166.575750592616,166.484755985828,166.617375936223,166.999469462813,167.034730914748,166.979612622972,,,,,,,,,,,,,,,,,,,,,,,,,,,,,,,,
,4.89009362257033,0.857184277041728,0.956463181504071,0.679972838137713,0.0498390261016941,0.0298140011070184,1.53651606004854,"D_DM",6,74.8726603861904,73.8327199653113,73.3649840330887,72.0722561718054,70.864715256288,70.2949196498782,176.61104318618,176.379494187956,176.014452882204,175.349623881165,174.906782921803,174.891361416604,,,,,,,,,,,,,,,,,,,,,,,,,,,,,,,,,,,,,,,,,,
,1.92522070036695,0.502896131545883,0.415467292763949,0.58844398888965,0.243193330703584,0.948580029252244,2.78408551910001,"D_DM",6,231.764798173336,231.724014524189,231.871913556499,232.041899049973,232.211949206257,233.034418368199,189.078932423402,189.215489385414,189.678644318964,189.598402427744,189.910211955606,190.526184753134,,,,,,,,,,,,,,,,,,,,,,,,,,,,,,,,,,,,,,,,,,
,0.910804043499815,0.198833911428021,0.0763720227488021,0.563933635367529,0.0160300059513168,0.480971856033635,1.91780071777167,"D_DM",6,138.33281258692,138.242054722992,138.212739598636,137.99156808465,137.921196661149,137.940264383841,153.253939296828,153.544470535516,154.166644862868,154.174684793079,154.509068525612,154.075809063832,,,,,,,,,,,,,,,,,,,,,,,,,,,,,,,,,,,,,,,,,,
,7.21546978233398,0.217367659844342,0.781837056877693,0.400663760517567,0.0770952407633508,0.351751563183659,2.1799300006452,"D_DM",18,69.7246845711332,69.0954033808308,66.7971139870537,66.2290699891079,66.2689534022725,66.7921832407348,66.7719840369873,66.4126862644239,65.8727177818437,65.1781314341788,64.3347750658089,63.9689981341647,63.3070589736659,62.9367374689924,62.5362237859364,62.4709573183909,62.4145967757917,62.5495502932038,123.087521316436,123.275988350003,124.366982386319,124.681145867683,124.304642967225,123.005346502868,122.315734731618,122.300603682604,122.867643871508,123.456307022847,123.882317388564,123.982661655532,124.09781207764,124.013729034011,123.584736197855,123.305203298249,122.975106338981,122.325647131641,,,,,,,,,,,,,,,,,,
,4.08368712956268,0.93407408470659,0.91983957811029,0.67903199867433,0.0371281800772714,0.178821834909374,1.85721755577947,"D_DM",8,219.611086481917,220.047836992669,220.588689143362,221.099296335524,221.471229218553,222.028997456595,222.676893722486,223.369367423269,127.654544772127,127.896053565934,128.099294820019,128.107335879501,128.522019091584,128.822095905043,128.994201069592,129.251988022459,,,,,,,,,,,,,,,,,,,,,,,,,,,,,,,,,,,,,,
,0.802559684477834,0.169304202360398,0.10336876193108,0.561332270369035,0.02517686888483,0.540517618061187,1.70214714090434,"D_DM",7,211.032456841727,210.797249608618,211.008439596427,211.095611438449,211.400677380471,211.92331004769,211.825331190178,184.894262463788,184.951951313078,184.837673033307,184.7740682405,185.008374798198,185.207573543116,185.018569803548,,,,,,,,,,,,,,,,,,,,,,,,,,,,,,,,,,,,,,,,
,0.869947014867284,0.269536507033849,0.189507978763322,0.446892692378922,0.0477556792490525,0.801906009128915,2.10909468626651,"D_DM",7,128.24409849862,128.463798933196,128.863257559536,129.02314826549,129.131433259255,129.210867005998,129.113264037894,76.8218705945128,76.7242690728485,76.5530164626442,76.4949975385562,76.6194580366285,76.4418534944287,76.785004973472,,,,,,,,,,,,,,,,,,,,,,,,,,,,,,,,,,,,,,,,
,0.777453796620579,0.398949435117278,0.742681579471329,0.124106278847773,0.236968769525532,0.24402495793527,1.69358123317314,"D_DM",6,141.076587716746,141.169705534384,141.427342903458,141.450361627966,141.157617998186,141.043656646975,83.1821006230384,83.0329330882801,82.8000166306233,82.6731012647288,82.5271015928978,82.4053445799184,,,,,,,,,,,,,,,,,,,,,,,,,,,,,,,,,,,,,,,,,,
,0.577083421646312,0.012496510234233,0.696217244663059,0.06775894035979,0.419703111481062,0.923042033313622,2.47376733840123,"D_DM",11,245.457384185791,245.543835208786,245.585336067451,245.975383630903,246.409993080805,246.447496691571,246.08595597752,245.924155994691,245.496360069559,245.388643917483,245.173358426039,149.628089080522,149.432541314756,148.732454596904,148.036280264616,148.580816642655,149.184051192762,149.54514617647,149.648764837524,149.550783832187,149.360415339681,149.125739955574,,,,,,,,,,,,,,,,,,,,,,,,,,,,,,,,
,2.5392424509273,0.185425008610897,0.49536851608293,0.484290021680912,0.529268731579476,0.584391007822178,1.74838982282956,"D_DM",12,97.7542847785343,97.599427733637,97.4668554459493,97.5650666888476,97.9584174503029,97.7381813832848,97.4944290902649,96.7327563342577,96.0456022755983,95.7774881177072,95.5847774821116,95.8187677441103,225.321968445698,225.560751339501,225.719104561559,225.727055997796,225.244951766696,224.832876370772,224.870342122536,225.513684217855,225.940627151564,226.469481828257,226.988194733332,226.965600409991,,,,,,,,,,,,,,,,,,,,,,,,,,,,,,
,1.577118519155,0.181976597279591,0.294144641831624,0.471033365715065,0.0838126949965703,0.0961488450559746,1.27207180875685,"D_DM",11,161.425515184454,161.651042063843,161.527256513295,161.306871827836,161.012121333492,160.496266269173,159.959142733867,159.665120297198,159.699294812204,159.672682826028,159.877233727838,248.960434409842,248.912267850787,248.725660533237,248.863553543019,248.945177896809,248.617780699752,248.549315277564,248.557669895454,248.485496795231,248.875858705649,249.260646592404,,,,,,,,,,,,,,,,,,,,,,,,,,,,,,,,
,2.1495438497403,0.419913814157865,0.746022465809789,0.514628961177051,0.287154292213964,0.148461761520207,1.49914401279841,"D_DM",11,133.880817483498,133.645788312768,133.574423907682,133.750711604658,133.789872279673,133.795695814121,133.911185727867,134.147771199459,134.414001705042,134.693310254106,134.826884994145,112.341761553566,112.327039084376,112.042270318555,111.781922643711,111.59638542504,111.242567526041,111.108787024695,110.575369374037,110.207787722237,110.356128711626,110.411607407584,,,,,,,,,,,,,,,,,,,,,,,,,,,,,,,,
,5.21183203792078,0.687948425327721,0.736516913175982,0.659563142065236,0.259961681688083,0.502756849514598,1.81204074968313,"D_DM",7,129.044967154155,128.225199178422,127.349753735301,126.671400325514,126.063231248888,125.826612787125,126.301781985147,231.709342039298,232.656925845045,233.838024224501,234.641325744307,235.49040487095,236.098308914661,236.140834826162,,,,,,,,,,,,,,,,,,,,,,,,,,,,,,,,,,,,,,,,
,10.4411273610105,0.741564644223388,0.92629200779047,0.652978048800392,0.00431289662814242,0.111676789990002,1.74148261314682,"D_DM",14,84.3795915498897,83.6653947599825,83.0008667704538,82.4249313564259,81.6983975674807,80.8354379143208,80.2070034822025,79.4342174005816,79.0248485318107,77.8473495000572,76.1166164773259,75.5088852559347,75.0116571745697,74.768364814583,203.293273023263,203.968231609887,204.299849252758,204.499793133572,204.649349508885,205.143977387015,205.506448654849,205.969531194825,205.881951893261,205.628733900189,205.66534837587,206.636265724407,207.126458030953,207.372667734659,,,,,,,,,,,,,,,,,,,,,,,,,,
,0.518238075989165,0.184098986337147,0.754738158480747,0.173975036156177,0.222891934642095,1.45951182042043,4.051708400886,"D_DM",9,114.201834120655,113.978022238692,113.814468685915,113.637784741006,113.636670784544,113.690038523667,113.687948450739,113.693070346841,113.683601040342,107.750863255844,107.977856059664,108.0111927239,108.032634450316,108.014830477249,107.943069593827,107.874305892576,107.81957288863,107.748587761605,,,,,,,,,,,,,,,,,,,,,,,,,,,,,,,,,,,,
,2.04540650933626,0.669676137209914,0.51864473992216,0.644075645489984,0.2267083466067,0.0957548295778242,1.70026586277113,"D_DM",9,165.330328661209,165.414308818883,165.646853649421,165.723823000852,165.853029805275,165.888234764709,165.999328788832,166.147379516272,166.334099086584,223.534601453724,223.865023988181,224.054168301291,223.947126332249,224.346660775481,224.745742712079,224.897000580387,225.249212579194,225.31677224284,,,,,,,,,,,,,,,,,,,,,,,,,,,,,,,,,,,,
,4.40756467850803,0.173277040019476,0.0392073340200687,0.662445509872159,0.00275549622733953,0.25339929896326,1.14183539634799,"D_DM",7,98.3986057952343,98.0010361286444,97.6806920866378,97.5945571571805,95.9203370037611,96.0363311197277,96.2344357111359,266.946839195227,267.549163067886,267.526317398016,267.220000481175,271.097300159336,271.048683343106,270.786499888872,,,,,,,,,,,,,,,,,,,,,,,,,,,,,,,,,,,,,,,,
,0.591657090283551,0.255966871292877,0.542914015286681,0.490072642833635,0.696243747721109,0.712544699223763,1.69892517037078,"D_DM",6,126.008532054437,126.104550779004,126.130650574278,126.128632969917,125.80065749856,125.594102636941,163.102544235654,163.160200955951,163.093978849025,162.980939337478,162.676183329693,162.680280845817,,,,,,,,,,,,,,,,,,,,,,,,,,,,,,,,,,,,,,,,,,
,3.86948191323967,0.964212180438518,0.996928493195389,0.692060249590679,0.0127623929684389,0.212820466495679,1.74264070208179,"D_DM",7,172.38735396806,172.862911636559,173.350253370156,173.895274241776,174.663273014261,175.318441724811,176.062462746169,210.440581465936,210.570803845764,210.779194380287,210.980710826557,211.221052632416,211.395447252848,211.651558652327,,,,,,,,,,,,,,,,,,,,,,,,,,,,,,,,,,,,,,,,
,2.07798873793427,0.943535773287074,0.978879526814219,0.684703123516787,0.00447369959133805,0.197591253087168,1.73077823763527,"D_DM",6,190.114785031772,190.641415510837,191.014926698663,191.504724383606,191.805882482304,192.120545759602,203.713145161148,203.806200226746,203.889110590201,204.043286754357,204.208279476833,204.256248372035,,,,,,,,,,,,,,,,,,,,,,,,,,,,,,,,,,,,,,,,,,
,5.31823174083522,0.282502633818767,0.384087811580975,0.67576069360973,0.282301760938758,0.264672734135318,1.13473229131736,"D_DM",7,124.616517443694,124.978929559182,124.367628151034,123.301940383491,123.317293381525,123.152941481307,122.990129469496,51.3768671060356,51.2845371896479,50.8644404938458,47.1264116160081,46.219185003446,46.2093682293536,46.3134245017778,,,,,,,,,,,,,,,,,,,,,,,,,,,,,,,,,,,,,,,,
,2.69416237497135,0.497259783028446,0.729050286230803,0.661457020666495,0.143603761689599,0.478431378211509,1.46844824672137,"D_DM",6,51.1379037864754,51.1060970191051,50.7645911469809,50.1434338720838,48.6595336125203,48.4439419592382,88.6068578641831,88.8421770584783,88.8573779753384,88.7450019940867,88.4537852192082,88.5739857468209,,,,,,,,,,,,,,,,,,,,,,,,,,,,,,,,,,,,,,,,,,
